アルコール分,日本酒度,エキス分,総酸,アミノ酸度,甘辛度,濃淡度,精米歩合,容器,タイプ
15.9,5.16,4.88,1.13,1.05,-0.129,-1.13,73,茶色瓶,一般酒
16.3,3.63,5.22,1.03,1.6,0.133,-0.921,71,茶色瓶,一般酒
15.4,-1.09,4.8,1.39,1.29,0.112,-1.01,68,茶色瓶,一般酒
15.4,-1.38,4.68,1.49,1.04,-0.0972,-0.996,69,茶色瓶,一般酒
14.1,3.14,2.82,1.08,0.969,-0.129,NA,69,茶色瓶,一般酒
15.4,1.79,4.01,1.32,1.89,0.0751,-0.907,70,茶色瓶,一般酒
14.2,6.5,4.3,NA,0.251,NA,-1.04,73,茶色瓶,一般酒
14.2,3.17,5.38,1.33,1.51,0.0579,-0.913,69,緑色瓶,一般酒
15,2.78,4.72,1.26,1.4,-0.0374,-1.04,68,茶色瓶,一般酒
16.4,5.92,4.91,0.813,0.785,-0.466,-1.07,69,茶色瓶,一般酒
15.9,6.82,5.16,1.33,1.61,-0.127,-0.958,75,茶色瓶,一般酒
14.8,2.93,5.42,NA,0.878,0.0057,-0.967,72,紙パック,一般酒
15.5,2.26,4.38,1.28,1.68,-0.168,-0.892,69,茶色瓶,一般酒
14.2,3.98,5.08,1.44,1.45,-0.133,-1.06,69,茶色瓶,一般酒
15.6,3.28,5.89,1.24,1.39,-0.255,-1.03,74,茶色瓶,一般酒
15.3,1.68,5.59,1.35,0.509,-0.00233,-0.96,NA,茶色瓶,一般酒
15.9,1.53,4.08,1.12,1.55,-0.016,-1.1,69,紙パック,一般酒
13.5,2.96,4.12,1.35,1.07,6.98e-4,-1.02,73,茶色瓶,一般酒
14.9,10.6,4.22,1.41,1.51,-0.319,-0.908,67,紙パック,一般酒
15.1,3.36,5.07,1.04,1.59,-0.291,-0.997,66,茶色瓶,一般酒
14.6,2.54,4.07,0.752,1.22,-0.115,-0.928,71,茶色瓶,一般酒
13.6,3.57,5.57,1.09,0.619,0.0216,-1.1,70,茶色瓶,一般酒
14.4,8.79,4.37,1.17,1.55,0.0121,-0.909,74,緑色瓶,一般酒
14.8,2.02,3.87,1.17,1.32,-0.277,-1.09,68,茶色瓶,NA
15,-0.745,5.58,1.05,1.44,-0.221,-0.956,69,茶色瓶,一般酒
14.9,4.48,4.27,1.17,0.74,-0.0197,-0.852,67,茶色瓶,一般酒
15.8,3.17,4.92,1.69,1.14,-0.236,-0.909,73,茶色瓶,一般酒
14.9,2.71,4.7,0.897,1.09,0.13,-0.973,71,茶色瓶,一般酒
16.3,2.56,3.15,0.975,0.823,-0.0722,-0.958,67,茶色瓶,一般酒
14.4,2.42,4.81,0.854,1.39,-0.217,-1.15,68,茶色瓶,一般酒
15,5.16,4.54,1.12,1.42,0.0895,-0.983,72,NA,一般酒
15.3,5.53,5.23,1.03,1.19,-0.0501,-1.17,66,茶色瓶,一般酒
15.4,-0.42,4.12,0.956,1.49,0.00414,-1.04,72,茶色瓶,一般酒
16.7,2.98,3.97,1.33,1.22,-0.0845,-0.998,69,茶色瓶,一般酒
14.8,5.82,5.45,1.23,0.881,-0.0498,-1.05,73,紙パック,一般酒
15.3,-1.73,4.42,0.961,1.28,-0.115,-1.04,71,緑色瓶,一般酒
16.2,1.76,4.09,0.822,1.2,0.081,-0.855,71,茶色瓶,一般酒
14.7,5.21,4.14,1.25,1.12,0.115,-0.947,66,緑色瓶,一般酒
15,-1.61,5.88,1.34,1.95,0.218,-0.812,74,NA,一般酒
15.1,4.78,4.29,0.878,1.18,-0.295,-0.866,71,緑色瓶,一般酒
16.2,2.63,4.32,0.87,1.11,0.102,-0.819,70,茶色瓶,一般酒
14.8,2.11,4.5,1.63,NA,0.0838,-0.947,68,緑色瓶,一般酒
14.9,7.39,5.3,1.18,1.59,-0.1,-1.1,71,茶色瓶,一般酒
16.2,8.19,4.22,0.912,1.42,-0.134,-0.889,68,茶色瓶,一般酒
15.3,0.0976,3.85,1.11,1.32,0.0281,-1.13,71,茶色瓶,一般酒
14.3,1.64,5.08,1.1,1.24,-0.121,-0.985,73,茶色瓶,一般酒
15.5,-0.425,3.97,1.37,0.317,-0.104,-0.895,69,茶色瓶,一般酒
14.9,4.79,5.12,1.05,1.15,0.0113,-1.22,68,茶色瓶,一般酒
14.9,4.93,4.76,0.91,0.611,0.0477,-0.982,70,茶色瓶,一般酒
15.2,6.22,4.08,1.01,1.32,0.00247,-1.02,71,茶色瓶,一般酒
15.6,4.97,4.2,1.15,1.26,0.11,-0.927,69,紙パック,一般酒
15.6,6.38,5.32,1.3,1.42,-0.236,-1.06,67,紙パック,一般酒
15.6,5.25,4.47,1.21,0.972,-0.438,-1.13,65,茶色瓶,一般酒
14.7,3.56,5.23,0.72,1.2,0.0604,-1.05,72,茶色瓶,一般酒
16.4,2.54,4.75,0.888,0.924,-0.0476,-0.956,77,茶色瓶,一般酒
16.1,5.96,4.19,1.22,1.91,-0.0402,-0.972,70,茶色瓶,NA
15.3,5.25,5.31,1.37,1.22,0.139,-1.05,72,茶色瓶,一般酒
15.7,3.69,4.99,1.33,1.15,-0.134,-0.954,69,茶色瓶,一般酒
16,-2.29,4.41,1.25,1.2,0.0507,-1.17,67,茶色瓶,一般酒
15.5,5.08,3.61,1.39,1.13,0.125,-0.953,65,茶色瓶,一般酒
15.7,-0.0641,4.74,1.22,1.15,0.0696,-0.996,68,緑色瓶,一般酒
15.8,5.45,3.62,1.39,1.23,-0.167,-0.976,66,茶色瓶,一般酒
15.5,0.499,3.96,1.13,1.71,-0.0639,-1.08,71,茶色瓶,一般酒
15.6,-2.71,4.03,1.4,1.13,-0.161,-1.04,73,茶色瓶,一般酒
14.7,0.527,5.52,1.31,0.666,-0.0874,-0.931,70,茶色瓶,一般酒
15.5,-0.135,4.97,1.15,1.28,-0.112,-1.14,68,緑色瓶,一般酒
15.1,1.93,4.76,1.49,1.26,-0.159,-1.12,70,その他色瓶,一般酒
14.9,2.65,4.55,0.988,0.561,0.0194,-1.07,72,茶色瓶,一般酒
15.6,2.9,5.07,1.13,1.28,-0.313,-0.973,68,紙パック,一般酒
14.6,8.75,3.63,0.869,1.3,-0.0373,-1.09,69,リターナブル瓶,一般酒
15.8,9.91,5,1.44,1.39,0.05,-0.869,66,茶色瓶,NA
14.9,4.05,4.38,0.756,1.56,0.0654,-1.01,72,茶色瓶,一般酒
14,4.05,6,1.11,1.5,0.0528,-1.05,70,茶色瓶,一般酒
14.7,2.67,4.81,0.998,0.957,0.0352,-0.97,67,茶色瓶,一般酒
14.6,2.73,3.98,1.1,1.53,-0.0422,-0.941,68,緑色瓶,一般酒
15,-3.85,4.11,1.02,1.06,-0.0642,-1.07,72,紙パック,一般酒
14.7,5.91,4.42,1.29,0.507,-0.197,-0.873,65,茶色瓶,一般酒
14.7,0.85,5.14,1.42,0.873,NA,-1.04,70,紙パック,一般酒
15.5,3.19,4.68,1.43,1.51,-0.275,-1.05,71,茶色瓶,一般酒
14.6,2.2,4.5,1.03,0.887,0.0578,-1.09,71,茶色瓶,一般酒
14.7,-0.389,4.89,0.987,NA,-0.179,-1.02,68,茶色瓶,一般酒
15.1,0.857,4.52,1.27,1.27,-0.122,-1.07,70,紙パック,一般酒
15.9,3.19,4.55,1.24,1.15,-0.265,-0.971,71,茶色瓶,一般酒
15,4.51,4.94,0.942,NA,-0.0755,-1,71,茶色瓶,一般酒
15.1,4.38,5.65,1.6,0.929,0.0702,-0.925,73,茶色瓶,一般酒
15.6,NA,4.62,1.29,1.38,0.0627,-1.01,69,茶色瓶,一般酒
14.3,6.9,5.52,1.28,1.11,0.27,-0.938,73,紙パック,一般酒
15,2.97,4.9,1.36,1.4,0.0633,-0.947,66,茶色瓶,一般酒
15.4,1.94,4.88,1.16,1.32,-0.257,-1.06,69,茶色瓶,一般酒
15.6,3.22,4.46,0.979,0.498,0.049,-1.04,69,茶色瓶,一般酒
15,3.7,5,0.918,1.24,-0.176,-1.08,68,茶色瓶,一般酒
15.9,8.8,3.88,0.921,0.793,-0.255,-1.05,69,茶色瓶,一般酒
15.5,0.314,5.14,1.44,0.829,0.179,-0.979,72,茶色瓶,一般酒
17.3,8.63,NA,1.2,0.611,0.0657,-1.05,74,茶色瓶,一般酒
16.3,7.48,3.82,1.46,1.65,0.312,-1.14,71,茶色瓶,一般酒
15.7,4.51,5.25,1.3,1.27,0.0794,-1.14,71,茶色瓶,一般酒
14.4,6.15,5.64,1.35,1.15,0.0408,-1.01,68,茶色瓶,一般酒
14.4,4.29,4.41,NA,1.51,0.0589,-1.06,69,茶色瓶,一般酒
16.1,-3.66,2.98,1.22,1.47,0.247,-0.939,68,茶色瓶,一般酒
16.2,2.18,4.38,0.768,1.35,0.0295,-0.868,69,茶色瓶,一般酒
16.3,4.15,5.2,0.935,1.25,-0.0441,-0.941,70,その他色瓶,NA
17,2.91,3.36,1.01,0.924,-0.261,-1.12,75,茶色瓶,一般酒
15.5,-1.95,4.05,1.28,1.56,-0.0707,-1.11,67,茶色瓶,一般酒
14.3,6.48,3.88,1.24,1.24,-0.48,-0.964,70,茶色瓶,一般酒
13.9,9.85,4.44,1.32,1.08,9.69e-4,-1.16,75,紙パック,一般酒
14.8,5.43,4.39,1.46,0.978,0.0323,-0.913,69,茶色瓶,一般酒
NA,1.09,4.79,1.02,1.27,-0.229,-1.13,72,緑色瓶,一般酒
15.4,7.39,5.25,1.52,1.06,0.0394,-0.864,68,茶色瓶,一般酒
16.1,9.03,4.22,1.15,1.39,0.0425,-1.03,67,茶色瓶,一般酒
14.9,10.9,4.08,1.19,1.92,-0.131,-1.06,71,茶色瓶,一般酒
15.9,-2.89,5.67,1.01,0.858,-0.194,-1.11,67,茶色瓶,一般酒
16.3,2.6,4.88,1.54,1.45,-0.137,-0.937,71,茶色瓶,一般酒
15.6,3.22,4.62,0.917,1.1,0.044,-1.01,75,茶色瓶,一般酒
16.5,-2.59,3.86,0.662,0.971,-0.475,-1.05,66,茶色瓶,一般酒
16.7,5.94,5.3,1.1,1.42,-0.239,-0.917,68,緑色瓶,一般酒
15.2,5.73,3.9,1.35,0.586,0.0695,-1.04,71,茶色瓶,一般酒
14.8,-0.501,4.98,1.33,1.15,-0.229,-1.09,75,茶色瓶,一般酒
14.4,7.62,5.53,0.871,NA,-0.0162,-1.12,67,茶色瓶,一般酒
14.3,6.38,4.6,1.04,1.41,-0.346,-1.1,71,茶色瓶,一般酒
16.4,4.91,5.5,1.38,1.63,-0.0201,-1.08,69,茶色瓶,一般酒
15.5,-1.32,3.89,1.26,0.995,-0.17,-0.919,70,紙パック,一般酒
15.8,6.56,4.94,1.29,0.755,-0.151,-0.922,70,茶色瓶,一般酒
14.9,6.8,5.09,0.949,1.08,-0.0286,-0.881,68,その他色瓶,一般酒
15.7,5.87,5.66,1.16,1.05,-0.157,-1.07,66,茶色瓶,一般酒
14.3,-2.38,4.98,1.18,0.982,-0.27,-0.983,70,茶色瓶,一般酒
14.5,2.9,3.97,0.936,2.03,0.0411,-1.06,NA,茶色瓶,一般酒
14.5,7.71,4.72,1.07,1.54,-0.35,-0.875,74,茶色瓶,一般酒
15,5.39,3.31,0.991,0.903,-0.256,-0.942,71,茶色瓶,一般酒
15.4,2.02,4.69,1.38,1.21,-0.181,-0.949,73,NA,一般酒
15.1,1.84,4.41,0.633,1.18,0.116,-1.04,67,その他色瓶,一般酒
14.1,1.48,4.45,1.01,1.38,0.157,-1,69,茶色瓶,一般酒
16.4,3.27,4.65,1.15,1.09,-0.0958,-0.829,71,茶色瓶,一般酒
16.5,-0.842,4.94,1.07,1.41,0.123,-0.822,70,茶色瓶,一般酒
15.3,-1.16,4.04,1.06,1.37,-0.255,-0.971,66,緑色瓶,一般酒
15.1,8.27,4.76,1.4,1.25,0.0929,-0.842,68,茶色瓶,一般酒
13.9,7.37,5.66,1.31,1.59,0.0363,-0.933,69,茶色瓶,一般酒
15.8,5.69,5.18,0.692,1.34,-0.139,-0.957,72,茶色瓶,一般酒
14.1,6.07,4.29,1.12,1.2,-0.0845,-0.972,74,緑色瓶,一般酒
13.6,2.83,4.17,1.14,1.74,-0.072,-1.13,72,茶色瓶,一般酒
13.9,-1.33,3.5,1.25,0.571,-0.214,-1.1,74,紙パック,一般酒
15.9,1.92,4.9,1.12,1.56,0.217,-0.916,70,茶色瓶,一般酒
15.5,4.28,3.43,1.28,0.778,-0.0604,-0.992,66,茶色瓶,一般酒
14.6,3.9,4.96,1.43,1.41,-0.092,-0.848,67,茶色瓶,一般酒
14.8,6.97,5.51,1.13,1.68,-0.277,-1.03,69,茶色瓶,一般酒
16.2,1.07,4.42,1.12,1.62,0.118,-0.906,69,茶色瓶,一般酒
14.8,-5.96,5.37,1.24,1.19,-0.0807,-1.06,64,茶色瓶,一般酒
16.4,1.98,4.35,1.2,0.942,-0.377,-1.15,73,茶色瓶,一般酒
15.4,2.81,5.37,1.35,1.06,-0.388,-1.04,66,茶色瓶,一般酒
15.9,2.78,5.02,0.938,1.27,-0.0464,-1.02,71,茶色瓶,NA
15.3,3.09,4.51,1.2,1.02,-0.125,-0.889,72,紙パック,一般酒
15.6,NA,4.19,1.06,1.65,-0.09,-1.07,71,その他色瓶,NA
15.7,3.63,5.7,1.1,0.796,-0.243,-1.06,70,茶色瓶,一般酒
15.2,6.44,4.82,1.37,1.86,-0.216,-0.877,70,茶色瓶,一般酒
15.4,0.239,3.5,0.784,1.47,-0.0416,-0.931,72,茶色瓶,一般酒
15.4,1.04,4.9,1.29,0.703,0.0647,-0.96,70,茶色瓶,一般酒
14.8,6.77,4.04,0.949,1.36,-0.128,-0.965,71,茶色瓶,一般酒
15.8,2.43,4.65,1.34,0.817,-0.11,-1.09,72,茶色瓶,一般酒
15.1,-0.332,3.5,1.08,1.42,-0.223,-0.89,69,茶色瓶,一般酒
15.2,2.82,4.94,1.17,1.63,0.0696,-1.11,74,茶色瓶,一般酒
14.8,0.895,4.3,0.895,1.11,0.0177,-0.925,70,茶色瓶,一般酒
14.7,1.85,5.89,0.708,1.13,-0.124,-1.04,68,茶色瓶,一般酒
14.6,10,4.35,1.12,1.47,-0.318,-0.922,70,茶色瓶,一般酒
14.3,-0.608,4.19,1.7,1.54,-0.046,-1.06,65,茶色瓶,一般酒
16,-6.82,4.54,0.883,1.06,0.0652,NA,73,茶色瓶,一般酒
15.9,7.25,3.85,1.03,1.48,0.0342,-1.02,73,茶色瓶,一般酒
15.5,2.58,4.8,1.17,1.47,0.144,-1.05,73,緑色瓶,一般酒
15.8,NA,NA,1.36,1.57,-0.125,-0.904,71,茶色瓶,一般酒
15.3,0.716,3.94,1.09,0.939,NA,-1.05,71,茶色瓶,一般酒
14.8,0.126,4.17,1.04,1.35,NA,-0.992,66,茶色瓶,一般酒
15.1,2.55,NA,1.24,0.883,-0.412,-0.997,69,茶色瓶,一般酒
16,6.38,5.09,0.777,0.45,-0.0175,-0.843,72,茶色瓶,一般酒
16.3,1.24,5.37,1.3,1.17,-0.329,-0.914,73,茶色瓶,一般酒
17.3,6.21,3.88,1.07,1.17,-0.423,-0.872,67,茶色瓶,一般酒
14.6,5.64,4.56,0.933,1.47,0.115,-0.919,68,紙パック,一般酒
16.2,4.78,6.17,1.29,1.54,0.104,-0.907,69,茶色瓶,一般酒
14.4,1.19,3.6,0.947,1.38,-0.27,-1.03,69,茶色瓶,NA
15.4,-1.9,4.58,1.28,1.45,0.141,-1.02,69,茶色瓶,一般酒
16.1,7.53,4.86,1.14,1.31,-0.208,-1.02,70,茶色瓶,一般酒
14.5,-6.35,4.29,1.05,0.886,0.089,-0.938,66,茶色瓶,一般酒
15.9,7.81,4.85,0.957,1.13,0.0378,-1.08,71,茶色瓶,一般酒
15.3,7.83,3.35,0.943,1.43,0.299,-1.01,72,青色瓶,一般酒
15.1,-2.78,5.12,NA,1.37,-0.0545,-0.875,68,緑色瓶,一般酒
14,2.87,3.8,1.13,NA,0.0973,-1.08,73,紙パック,一般酒
16.2,4.66,4.4,1.09,0.71,-0.263,-1.01,68,その他色瓶,一般酒
16.4,0.81,4.01,0.985,1.24,-0.2,-0.86,69,茶色瓶,一般酒
15,2.74,5.02,NA,0.461,-0.165,-0.829,67,紙パック,一般酒
14.2,4.33,5.36,1.72,1.23,-0.308,-1.13,76,茶色瓶,一般酒
15,1.72,4.05,1.33,2.07,0.0349,-0.917,69,NA,一般酒
14.6,4.83,4.45,1.19,1.53,-0.095,-0.946,70,茶色瓶,一般酒
14.8,1.38,4.19,1.37,1.67,-0.18,-1.14,70,茶色瓶,一般酒
14.9,5.64,5.07,1.44,2.14,0.00417,-1.14,70,茶色瓶,一般酒
15.8,4.05,4.57,1.14,1.04,-0.112,-0.9,73,茶色瓶,一般酒
15.3,1.56,3.92,0.958,1.06,0.182,-1.01,67,茶色瓶,一般酒
15.9,-2.52,6.15,1.2,0.865,-0.355,-0.934,69,茶色瓶,一般酒
16,13.2,4.06,1.23,1.84,0.351,-1.14,69,茶色瓶,一般酒
15.8,-3.75,5.85,1.07,1.16,0.00268,-1,70,茶色瓶,一般酒
14.5,1.65,5.44,0.976,1.29,0.248,-0.996,72,緑色瓶,一般酒
15.9,1.22,4.73,0.801,1.12,0.0482,-0.961,71,茶色瓶,一般酒
15.5,2.66,5.18,0.794,0.982,-0.235,-1.08,70,紙パック,一般酒
15,-0.0896,5.84,1.49,1.24,-0.0724,-0.96,71,茶色瓶,一般酒
14.1,6.64,4.41,0.879,1.07,-0.16,-1.11,74,茶色瓶,一般酒
16.3,1.57,4.24,1.08,0.955,-0.217,-0.977,70,茶色瓶,一般酒
15.7,5.64,3.07,1.12,1.33,0.0965,-0.983,71,茶色瓶,一般酒
15.8,10.8,4.41,1.08,1.25,-0.0308,-0.943,71,茶色瓶,一般酒
14.8,4.58,5.43,1.07,1.26,-0.0947,-1.07,69,紙パック,一般酒
14.3,5.37,4.72,1.47,1.3,-0.144,-0.943,69,茶色瓶,一般酒
15.4,3.36,4.41,0.66,1.49,-0.21,-0.958,69,茶色瓶,一般酒
16,3.47,4.7,0.873,1.56,-0.215,-1.11,70,青色瓶,一般酒
16.5,2.47,3.88,1.21,0.793,-0.00385,-1.05,68,茶色瓶,一般酒
14.4,4.48,4.85,1.3,1.33,-0.026,-0.951,70,青色瓶,一般酒
15,9.93,3.41,1.22,1.13,0.00327,-0.984,71,緑色瓶,一般酒
14.6,3.31,5.34,NA,1.7,0.0654,-1.08,70,茶色瓶,一般酒
16.1,2.37,4.63,1.06,1.27,-0.244,-0.843,75,紙パック,一般酒
15.5,5.71,4.21,0.933,1.02,0.236,-0.922,74,緑色瓶,一般酒
16.5,5.35,4.77,1.23,1.78,-0.153,-0.828,73,茶色瓶,一般酒
16.6,5.77,5.67,1.43,1.74,0.107,-0.989,NA,茶色瓶,一般酒
15,0.592,5.25,1.26,1.04,0.0217,-1.02,72,茶色瓶,一般酒
16,7.1,3.54,0.976,1.32,-0.235,-0.862,71,紙パック,一般酒
16.6,6,5.41,1.25,1.14,-0.0307,-0.866,68,茶色瓶,一般酒
14.4,3.89,4.69,1.04,0.832,-0.109,-0.95,68,茶色瓶,一般酒
15.6,-1.04,3.84,1.5,1.34,-0.165,-0.935,67,茶色瓶,一般酒
15.5,3.67,4.91,0.758,2.05,-0.249,-1.01,67,茶色瓶,一般酒
14.7,10.3,3.82,0.841,0.976,0.0126,-1.04,68,茶色瓶,一般酒
15.9,2.34,4.23,1.32,0.956,-0.148,-0.859,70,茶色瓶,一般酒
15.5,5.55,5.38,1.56,0.764,0.461,-1.03,68,青色瓶,一般酒
15.6,0.675,4.66,1.07,1.96,-0.0895,-1.09,NA,紙パック,一般酒
14.6,7.97,4.38,0.865,0.638,-0.0939,-1.01,64,NA,一般酒
15.5,4.07,4.47,1.36,1.11,-0.197,-0.969,67,茶色瓶,一般酒
NA,0.862,5.34,1.25,1.53,0.0759,-0.978,69,茶色瓶,一般酒
14.9,-0.686,4.44,1.21,1.36,-0.496,-1.06,69,茶色瓶,一般酒
13.6,11.2,6.17,0.801,1.18,0.00683,-0.997,71,茶色瓶,一般酒
14.8,4.27,4.38,NA,0.964,-0.364,-0.961,71,茶色瓶,一般酒
15.5,0.6,3.86,1.32,1.49,-0.167,-1.14,67,茶色瓶,一般酒
14.3,-0.738,3.5,0.884,1.06,0.0986,-0.926,71,茶色瓶,一般酒
15.4,NA,3.02,1.4,1.5,-0.198,-1.01,70,紙パック,一般酒
15.7,4.37,4.78,1.11,0.555,-0.0621,-1.03,73,紙パック,一般酒
15.2,7.32,5.01,1.19,1.17,-0.688,-0.989,71,茶色瓶,一般酒
14.6,0.612,5.32,1.44,0.81,-0.103,-1.11,72,NA,一般酒
14.1,12.7,4.29,1.56,1.75,-0.0509,-0.993,NA,その他色瓶,一般酒
15.8,0.687,4.61,1.17,1.27,-0.203,-0.967,66,紙パック,一般酒
16.6,7.56,5.02,1.01,1.38,NA,-1.01,71,茶色瓶,一般酒
14.8,3.71,5.19,0.998,1.35,-0.174,-0.923,68,茶色瓶,一般酒
14.7,5.62,4.32,1.23,1.66,-0.0464,-1.05,72,茶色瓶,一般酒
15.6,5.62,4.09,1.01,1.05,-0.0758,-1.05,71,茶色瓶,一般酒
14.9,5.63,4.18,1.22,1.22,-0.0856,-0.944,67,茶色瓶,一般酒
14.3,8.85,3.8,1.19,0.771,0.0154,-0.975,68,茶色瓶,一般酒
15.7,NA,5.52,1.08,1.27,0.142,-0.931,69,その他色瓶,一般酒
15.1,3.86,5.75,1.24,1.15,0.0472,-1.05,NA,茶色瓶,一般酒
15.7,3.14,3.86,1.57,0.856,-0.0955,-0.961,68,茶色瓶,一般酒
16.9,1.99,3.83,0.971,1.38,-0.374,-1.04,72,茶色瓶,一般酒
15.3,0.493,4.6,0.894,1.33,-0.0173,-1.05,71,茶色瓶,一般酒
14.7,4.95,3.97,1.19,1.89,-0.179,-0.926,68,茶色瓶,一般酒
14.9,1.78,4.38,1.33,1.41,0.166,-1.02,71,紙パック,一般酒
15.7,2.65,3.8,0.75,0.941,0.0396,-1.12,69,NA,一般酒
14.8,6.73,3.73,1.31,1.15,-0.158,-1.11,71,緑色瓶,一般酒
15.4,4.39,2.67,1.18,1.13,-0.184,-0.889,74,茶色瓶,一般酒
16.9,-0.814,4.2,0.669,1.17,-0.15,-1.12,67,紙パック,一般酒
13.7,6.02,4.98,1.42,1.23,-0.0374,-0.935,72,茶色瓶,一般酒
14.7,3.05,3.65,1.41,1.15,0.136,-1.08,67,茶色瓶,一般酒
NA,-1.35,4.95,1.12,1.55,-0.2,-0.978,66,茶色瓶,一般酒
15.2,0.414,3.46,1.26,1.31,-0.0358,-1.03,69,茶色瓶,一般酒
15,-1.84,4.73,1.42,1.29,-0.121,-0.972,74,茶色瓶,一般酒
14.7,4.82,4.33,1.45,1.1,-0.0249,-1.19,75,紙パック,一般酒
15.2,-0.0322,5.02,0.921,1.08,0.0966,-1.02,73,茶色瓶,一般酒
16.4,3.78,4.31,1.4,1.37,-0.0815,-0.88,70,茶色瓶,一般酒
NA,0.594,4.95,1.32,0.886,-0.494,-1.03,70,茶色瓶,一般酒
15,1.95,4.38,0.711,1.36,-0.328,-0.907,70,紙パック,一般酒
14.3,2.63,3.38,1.48,1.19,0.15,-1.13,71,紙パック,一般酒
15.7,4.23,NA,1.35,0.771,-0.0616,-0.975,70,茶色瓶,NA
14.4,2.45,5.36,1.03,1.21,0.12,-1.14,67,茶色瓶,一般酒
15.4,2.2,4.89,0.585,0.946,0.0549,-1.22,73,茶色瓶,一般酒
15.4,4.56,4.27,1.39,1.14,-0.438,-1.09,72,茶色瓶,一般酒
15.1,-0.898,4.52,1.25,1.12,-0.0586,-1.12,67,紙パック,一般酒
15.7,-0.129,3.54,1.29,1.66,0.00328,-0.945,69,茶色瓶,一般酒
16.3,7.06,4.84,1.39,1.22,0.104,-0.954,70,茶色瓶,一般酒
15.5,0.913,4.23,1.09,0.95,-0.222,-1.04,73,茶色瓶,一般酒
12.7,0.79,5.33,1.2,1.2,-0.311,-1.04,70,茶色瓶,一般酒
15.1,-1.09,6,1.06,1.25,-0.0322,-1.07,66,緑色瓶,一般酒
15.2,5.63,3.58,1.05,1.24,-0.0386,-0.967,67,茶色瓶,一般酒
15.8,0.104,5.06,1.59,1.51,-0.174,-1.16,67,茶色瓶,一般酒
17.1,2.19,5.55,0.997,1.01,NA,-0.997,71,茶色瓶,一般酒
NA,-2.67,3.48,1.45,0.937,-0.106,-0.845,69,茶色瓶,一般酒
15.2,9.67,4.23,1.13,1.37,0.0337,-1.01,67,紙パック,NA
14.1,3.41,4.08,1.29,1.12,0.0255,-1.1,72,茶色瓶,一般酒
16.6,NA,5.41,1.47,1.28,-0.0797,-1.1,66,紙パック,一般酒
15.4,-1.64,3.42,1.16,0.716,-0.19,-0.92,71,茶色瓶,一般酒
15.1,3.86,5.84,1.24,0.925,-0.0781,-1.05,71,茶色瓶,一般酒
14.7,2.66,4.53,1.03,1.23,-0.285,-0.922,69,緑色瓶,一般酒
15.7,0.764,4.01,1,1.59,-0.117,-1.11,67,茶色瓶,一般酒
14.6,5.27,5.57,1.16,1.19,-0.174,NA,72,茶色瓶,一般酒
15.5,6.75,5.49,1.2,0.976,0.0802,-0.95,67,緑色瓶,一般酒
15.9,6.01,3.28,1.72,1.61,-0.00497,-1.07,68,茶色瓶,NA
15.3,7.68,4.41,1.04,0.69,-0.00466,-0.96,71,緑色瓶,一般酒
15.2,-1.78,2.97,1.28,NA,-0.465,-0.997,71,茶色瓶,一般酒
15.4,6.79,4.52,1.53,1.03,0.0107,-0.904,72,茶色瓶,一般酒
16.5,0.469,5.34,1.2,NA,-0.0668,-1.04,68,茶色瓶,一般酒
NA,8.94,3.77,1.32,1.39,-0.0436,-1.14,68,茶色瓶,一般酒
15.4,7.74,3.85,1.17,1.11,0.0733,-0.96,71,茶色瓶,一般酒
14.7,3.08,5.05,1.31,0.871,0.0707,-1.01,67,茶色瓶,一般酒
16,0.659,4.7,1.31,0.221,-0.206,-1.07,69,緑色瓶,一般酒
15,2.32,5.47,1.02,1.1,-0.289,-1.06,69,紙パック,一般酒
15.4,0.151,3.48,1.65,1.18,-0.0532,-0.959,68,緑色瓶,一般酒
15.4,2.28,4.69,1.05,1.76,-0.0068,-0.881,70,茶色瓶,一般酒
16.1,-1.2,4.98,1.09,0.856,0.117,-1.06,67,茶色瓶,一般酒
14.8,4.94,3.6,1.2,1.25,-0.0361,-1.13,67,紙パック,一般酒
14.5,3.06,3.82,1.07,1.48,0.00865,-0.937,73,茶色瓶,一般酒
15.5,3.88,4.51,0.924,1.22,-0.12,-1.04,71,茶色瓶,一般酒
15.6,5.06,4.72,1.41,1.8,-0.171,-1,69,茶色瓶,一般酒
16,4.06,4.08,1.05,0.454,-0.0356,-0.835,70,茶色瓶,一般酒
15.6,4.08,5.37,0.795,1.1,-0.512,-0.915,70,茶色瓶,一般酒
15.5,7.07,4.56,1.1,1.69,-0.045,-0.904,69,その他色瓶,一般酒
14.7,1.31,4.34,0.818,1.46,-0.182,-0.934,64,茶色瓶,一般酒
14.9,-4.49,4.24,1.24,0.925,-0.0393,-0.944,70,その他色瓶,一般酒
15.3,0.183,4.37,1.11,1.32,0.00742,-0.992,70,茶色瓶,一般酒
15.4,0.476,5.15,1.47,1.16,-0.102,-0.964,69,茶色瓶,一般酒
14.9,4.36,5.12,1.25,1.43,-0.573,-0.857,74,茶色瓶,一般酒
14.6,0.81,6,0.716,0.929,-0.236,-0.936,71,茶色瓶,一般酒
16.3,7.08,4.01,1.09,0.457,-0.0221,-0.993,67,茶色瓶,一般酒
14.7,0.52,4.39,NA,1.22,0.16,-1.03,65,茶色瓶,一般酒
14.2,5.61,3.86,0.832,1.62,-0.403,-0.84,75,茶色瓶,一般酒
15.5,11,5.14,0.857,1.17,0.00925,-0.994,69,茶色瓶,一般酒
16.3,4.32,4.43,1.18,1.25,-0.0747,-1.06,65,茶色瓶,一般酒
14.5,1.51,4.17,1.25,1.26,0.191,-0.966,67,緑色瓶,一般酒
16.3,6.58,4.99,0.908,1.57,0.0959,-0.963,70,リターナブル瓶,一般酒
15.2,-1.4,NA,1.16,1.61,-0.0535,-0.959,70,茶色瓶,一般酒
14.4,4.55,3.75,0.997,1.42,-0.313,-0.837,67,茶色瓶,一般酒
14.5,-1.84,5.44,1.09,1.91,-0.185,-0.892,68,茶色瓶,一般酒
13.4,2.88,4.62,1.22,0.934,-0.133,NA,69,その他色瓶,一般酒
15.2,4.54,5.37,1.39,0.939,-0.218,-0.987,71,緑色瓶,一般酒
16.2,4.16,3.94,1.06,1.3,-0.196,-0.95,72,茶色瓶,一般酒
15.4,3.09,3.79,0.857,1.72,-0.00912,-0.975,68,茶色瓶,一般酒
15.8,4.51,5.58,0.937,1.11,-0.272,-1.06,74,緑色瓶,一般酒
15.2,4.83,4.93,0.951,1.54,-0.465,-0.959,70,茶色瓶,一般酒
15.8,12.7,3.75,1,1.62,-0.222,-1.13,NA,茶色瓶,一般酒
15.2,5.63,4.54,1.26,1.09,0.134,-1.1,68,茶色瓶,一般酒
15.4,7.08,4.19,1.17,1.16,-0.106,-0.928,70,茶色瓶,一般酒
13.4,0.745,4.23,1.31,1.65,-0.344,-1.05,67,紙パック,一般酒
15.8,1.14,5.72,1.15,1.12,-0.195,-0.99,66,紙パック,一般酒
17.1,7.08,6.08,0.989,1.14,-0.397,-0.936,69,茶色瓶,一般酒
15.2,1.6,4.41,0.789,1.62,-0.0884,-1.1,72,NA,一般酒
15.2,-0.683,3.56,0.976,1.03,-0.00864,NA,71,紙パック,一般酒
15.7,2.85,5.48,1.33,1.06,-0.408,-1.04,70,茶色瓶,一般酒
16.9,3.28,4.4,1.54,0.973,-0.077,-1.14,71,茶色瓶,一般酒
15.2,3.47,4.52,1.31,1.13,0.00707,-1.13,69,茶色瓶,一般酒
16.6,5.52,4.52,1.27,1.09,-0.0418,-1.14,69,茶色瓶,一般酒
14.1,0.415,4.19,0.799,2.29,-0.338,-1.08,76,茶色瓶,一般酒
16.6,1.89,5.1,1.5,1.67,0.0188,-0.982,69,茶色瓶,一般酒
15.2,3.73,3.85,1.44,0.984,-0.188,-1.05,68,茶色瓶,一般酒
14.4,1.47,3.73,0.92,1.58,-0.00585,-0.945,68,茶色瓶,一般酒
14.8,6.87,4.12,1.41,1.71,0.0669,-0.893,71,茶色瓶,一般酒
14.7,-2.5,5.99,0.887,1.38,-0.039,-1.16,67,茶色瓶,一般酒
15.7,-0.663,5.75,0.996,0.871,0.178,-1.14,67,その他色瓶,一般酒
14.9,4.63,4.42,1.34,1.9,-0.0764,-0.984,73,その他色瓶,一般酒
15,0.536,4.72,NA,0.586,-0.0613,-0.983,66,茶色瓶,一般酒
14.5,2.97,3.82,1.01,1.84,-0.218,-0.929,70,茶色瓶,一般酒
14.4,1.6,5,0.876,1.1,-0.279,-0.905,70,茶色瓶,一般酒
15.3,7.9,3.6,0.897,1.33,-0.401,-1.02,71,茶色瓶,一般酒
14,1.28,4.4,1.66,1.66,0.322,-1,74,緑色瓶,一般酒
16.7,NA,5.12,1.47,1.46,0.0708,-0.873,67,その他色瓶,一般酒
14.6,-3.46,5.51,1.34,0.732,-0.239,-1.06,72,緑色瓶,一般酒
16.2,6.59,3.76,1.22,1.6,0.116,-1.1,70,茶色瓶,一般酒
16.3,3.63,4.92,1.18,1.77,0.0427,-1.03,72,茶色瓶,一般酒
15.1,2.32,4.29,1.23,1.12,0.188,-1.04,71,茶色瓶,一般酒
15.8,3.42,4.93,1.45,1.19,-0.183,-1.1,71,茶色瓶,一般酒
16.4,1.14,5.95,0.982,1.04,-0.11,-0.992,71,茶色瓶,一般酒
14.2,2.64,3.56,0.751,0.307,-0.0465,-0.937,71,茶色瓶,一般酒
15.3,-3.21,3.65,1.21,1.12,-0.477,-1.01,69,茶色瓶,一般酒
16.8,5,4.88,1.05,1.2,-0.48,-0.936,NA,リターナブル瓶,一般酒
14.8,1.51,4.03,1.52,1.69,0.152,-1.14,72,茶色瓶,一般酒
15.4,3.84,4.95,0.982,0.858,0.00341,-1.09,72,茶色瓶,一般酒
15.1,4.54,4.84,0.984,1.47,-0.0267,-1.03,70,緑色瓶,一般酒
14.7,3.33,4.7,0.981,0.915,-0.037,-0.964,67,茶色瓶,一般酒
15.4,-0.0206,4.64,1.23,1.21,-0.131,-1.04,73,茶色瓶,一般酒
15.6,0.738,3.6,1.32,1.27,-0.279,-0.923,68,茶色瓶,一般酒
15.3,1.8,3.21,1.49,1.68,0.055,-0.906,72,茶色瓶,一般酒
14.6,2.37,3.92,1.55,1.58,-0.325,-1.06,73,茶色瓶,一般酒
15.2,4.47,4.67,0.877,1.53,0.0955,-0.929,71,緑色瓶,一般酒
14.2,-3.45,4.17,1.04,1.17,0.0535,-1.03,65,茶色瓶,一般酒
14.4,-4.54,5.81,1.05,1.43,-0.205,-1.06,67,緑色瓶,一般酒
14.5,5.8,4.47,1.39,1.18,-0.0773,-0.933,68,茶色瓶,一般酒
16.2,1.76,4.16,1.27,0.767,-0.0597,-0.965,68,茶色瓶,一般酒
16.8,-0.547,4.71,1.34,1.05,0.0492,-1.11,68,茶色瓶,一般酒
14.5,6.11,4.33,1.01,0.95,0.0336,-0.948,72,その他色瓶,一般酒
15.4,-0.0934,3.99,1.04,1.23,-0.274,-1.04,70,茶色瓶,一般酒
NA,2.03,3.49,0.855,1.03,-0.196,-0.989,71,紙パック,一般酒
16,3.91,4.41,0.919,0.822,-0.00393,-0.942,73,紙パック,一般酒
16.8,2.54,3.88,1.65,1.24,0.271,-1.07,67,茶色瓶,NA
14.3,9.01,4.16,0.614,1.29,0.265,-0.838,65,緑色瓶,一般酒
15.4,2.16,4.12,1.11,1.35,-0.123,-0.856,71,茶色瓶,一般酒
15.3,5.06,NA,0.885,1.6,0.0349,-0.873,75,緑色瓶,一般酒
15,2.43,4.97,1.5,1.69,-0.139,-1.01,71,茶色瓶,一般酒
15,3.6,5.22,1.14,1.05,-0.127,-0.906,73,茶色瓶,一般酒
16.1,3.56,4.84,1.27,0.657,-0.0881,-0.965,70,茶色瓶,一般酒
14.7,4.72,4.72,1.08,1.61,0.00709,-0.917,71,茶色瓶,NA
15.4,4.18,4.3,1.73,1.6,-0.177,-1.06,71,その他色瓶,一般酒
14,2.59,4.06,1.03,1.55,-0.193,-1.03,74,茶色瓶,一般酒
16,4.53,4.17,1.28,1.59,-0.14,-0.97,71,緑色瓶,一般酒
15.9,4.77,4.53,1.19,0.969,-0.0972,-1.19,71,茶色瓶,一般酒
14.2,0.996,4.58,1.11,1.25,-0.115,-1.04,71,緑色瓶,一般酒
NA,0.961,5.48,1.49,0.904,-0.241,-0.876,70,緑色瓶,一般酒
16.6,0.182,4.28,1.25,1.2,NA,-0.906,72,茶色瓶,一般酒
14.9,-2.5,5.42,1.27,1.17,0.0408,-1.11,69,茶色瓶,一般酒
14.9,7.68,4.16,1.13,1.2,0.227,-1.13,68,茶色瓶,一般酒
14.8,4.59,5.05,1.23,1.12,-0.0654,-1.01,73,茶色瓶,一般酒
15.2,5.25,4.64,0.975,1.94,0.107,-0.893,72,紙パック,一般酒
15.3,4.04,4.99,1.47,1.28,-0.281,-0.89,69,茶色瓶,一般酒
16.1,8.99,5.49,1.21,1.35,-0.0213,-1.02,70,茶色瓶,一般酒
15.1,5.36,5.07,1.49,1.61,0.28,-0.995,69,紙パック,一般酒
14.5,6.55,6.18,0.916,1.41,-0.141,-1.03,69,茶色瓶,一般酒
16,7.41,5.27,0.999,1.1,-0.0842,-1.08,67,茶色瓶,一般酒
15.6,0.574,5.51,1.28,NA,-0.215,-1.05,70,その他色瓶,一般酒
14.4,3.5,4.99,1.17,2.04,-0.18,-0.97,68,茶色瓶,一般酒
15.3,4.49,5.17,1.13,1.56,-0.135,-0.938,73,茶色瓶,一般酒
15.2,-0.76,4.68,0.978,1.44,0.0946,-1.1,73,茶色瓶,一般酒
15.8,0.169,4.15,1.06,0.806,-0.305,-1.07,75,緑色瓶,一般酒
NA,-0.887,NA,1.6,1.7,-0.211,-1.01,75,茶色瓶,一般酒
NA,2.51,4.41,0.99,0.996,-0.119,-1.16,72,茶色瓶,一般酒
13.9,2.22,5.36,1.01,1.05,-0.082,-0.93,72,茶色瓶,一般酒
16.7,1.92,4.38,0.856,0.964,-0.233,-0.89,75,紙パック,一般酒
14.8,-1.76,3.65,1.11,1.44,0.0335,-1.17,72,茶色瓶,一般酒
15.2,5.89,3.99,1.2,1.89,0.121,-1.1,70,茶色瓶,一般酒
15.4,2.7,4.51,0.848,1.65,0.00522,-1.02,69,茶色瓶,一般酒
16.4,2.92,3.79,0.943,1.02,NA,-0.95,67,その他色瓶,一般酒
NA,3.57,4.77,1.47,1.55,-0.476,-1,67,緑色瓶,一般酒
15.2,6.87,5.45,1.27,1.23,-0.131,-0.848,67,茶色瓶,一般酒
16.8,5.52,4.58,0.984,1.55,0.122,-0.75,68,茶色瓶,一般酒
14.7,2.81,4.22,0.898,0.841,-0.209,-0.978,73,緑色瓶,一般酒
16.1,10.9,4.95,1.1,1.26,0.0395,-1,70,茶色瓶,一般酒
13.8,1.66,4.11,1.23,1.04,-0.197,-0.918,70,茶色瓶,一般酒
16.1,8.35,4.39,0.988,1.52,-0.23,-0.877,71,紙パック,一般酒
16.4,5.36,4.78,1.47,1.12,-0.191,-1.05,72,茶色瓶,一般酒
16.1,7.42,4.96,0.673,1.23,-0.346,-0.944,70,その他色瓶,一般酒
14.8,3.15,3.77,0.784,NA,NA,-1.01,67,茶色瓶,一般酒
15.5,1.19,5.05,1.51,1.73,-0.141,-0.968,65,茶色瓶,一般酒
15.2,2.05,4.65,0.843,0.719,-0.0686,-1.01,70,茶色瓶,一般酒
16.1,-1.63,5.69,1.17,1.77,-0.262,-1.04,71,茶色瓶,一般酒
15,2.3,3.94,1.13,2.07,-0.134,-0.881,67,茶色瓶,一般酒
15.9,7.92,4.21,0.813,1.34,0.00411,-0.951,71,紙パック,一般酒
13.5,0.558,4.33,0.869,1.11,-0.139,-1.11,71,茶色瓶,一般酒
14.7,9.86,5.13,1.27,NA,0.0159,-0.895,68,その他色瓶,一般酒
14.7,4.59,5.28,1.28,0.519,-0.0699,-1.09,70,茶色瓶,一般酒
14.9,4.07,4.46,0.951,1.38,0.104,-0.956,70,茶色瓶,一般酒
14.4,2.87,4.66,1.22,1.32,0.0663,-0.968,72,茶色瓶,一般酒
15.5,-2.23,4.58,1.68,1.05,0.253,-1.01,70,茶色瓶,一般酒
14.2,-0.862,4.52,1.38,0.912,-0.242,-0.98,70,紙パック,一般酒
14.8,5.31,4.59,1.3,1.83,-0.254,-1.12,70,茶色瓶,一般酒
16.7,4.62,3.6,0.974,1.24,-0.0871,-1.17,70,茶色瓶,一般酒
15.3,2.98,5.19,1.2,1.24,-0.00196,-1.04,74,茶色瓶,一般酒
14.6,8.16,4.77,1.09,0.336,0.241,-0.945,68,緑色瓶,NA
14.7,-1.58,4.26,1.52,1.39,0.165,-1.07,67,茶色瓶,一般酒
14.2,3.01,4.23,1.05,1.31,-0.298,-0.984,71,紙パック,一般酒
14.7,8.28,5.64,1.29,1.32,-0.12,-0.995,70,茶色瓶,一般酒
14.6,0.51,4.66,0.89,1.18,-8.73e-4,-0.974,66,茶色瓶,一般酒
16.4,3.25,4.74,1.04,0.834,0.133,-0.873,67,茶色瓶,一般酒
16.3,7.58,5.32,0.833,0.274,0.166,-1.06,70,茶色瓶,一般酒
15.7,11.7,4.46,1.26,1.9,-0.0728,NA,72,茶色瓶,一般酒
15.7,6.37,4.45,1.01,0.284,-0.151,-0.926,70,リターナブル瓶,一般酒
15.7,4.09,3.49,1.82,1.27,-0.403,-0.918,71,茶色瓶,一般酒
17.3,5.78,5.26,1.24,1.61,0.0169,-0.997,70,紙パック,一般酒
15.2,5.92,5.17,1.04,0.92,-0.0438,-0.979,71,茶色瓶,一般酒
16.4,NA,5.25,0.975,1.28,-0.273,-1.08,73,紙パック,一般酒
15.5,0.0777,4.59,1.3,1.23,NA,-0.945,72,茶色瓶,一般酒
16.6,2.55,5.14,1.01,1.47,-0.156,-1.04,74,茶色瓶,一般酒
14.2,NA,4.54,1.25,1.47,-0.0811,-1.17,72,茶色瓶,一般酒
15.6,7.93,4.31,0.764,1.27,0.133,-0.923,71,緑色瓶,一般酒
14.3,2.81,4.96,1.02,1.51,-0.2,-1.16,74,茶色瓶,一般酒
14.7,4.4,4.02,1.14,1.07,-0.359,-1.03,68,茶色瓶,一般酒
15,-2.4,4.49,1.67,0.897,-0.168,-1.02,66,紙パック,一般酒
15.9,5.14,3.28,1.02,0.312,-0.0127,-0.961,68,茶色瓶,一般酒
15.9,3.49,4.44,1.42,1.31,-0.0485,-0.969,68,茶色瓶,一般酒
14.7,0.818,4.5,1.26,1.36,0.204,-0.866,74,その他色瓶,一般酒
16.3,-1.04,3.58,1.01,1.12,0.401,-1.01,67,茶色瓶,一般酒
14.5,-1.72,4.08,0.938,0.926,-0.0829,-1.02,71,紙パック,一般酒
16.7,4.81,4.41,1.07,1.19,-0.33,-0.769,68,茶色瓶,一般酒
15.8,6.81,NA,1.04,2.04,-0.268,-1.01,70,その他色瓶,一般酒
14.2,1.68,6.14,0.876,1.44,-0.43,-1.02,67,茶色瓶,一般酒
15.8,2.06,4.76,0.976,1.56,-0.308,-0.836,73,紙パック,一般酒
14.7,2.27,4.5,0.803,1.02,0.00766,-0.962,71,茶色瓶,一般酒
15,2.11,3.51,1.19,1.13,-0.322,-1.04,66,茶色瓶,一般酒
15.8,4.77,4.17,1.53,1.07,-0.246,-0.917,72,茶色瓶,一般酒
15.3,5.78,4.28,1.49,0.983,-0.13,-1.03,70,紙パック,一般酒
16.8,1,4.95,1.27,1.28,-0.132,-0.887,72,緑色瓶,一般酒
15.9,0.997,4.64,1.06,0.681,-0.0184,-1.12,71,紙パック,一般酒
15.9,1.54,3.41,1.42,1.63,-0.228,-0.856,77,茶色瓶,一般酒
16.4,4.76,4.85,1.46,1.58,-0.138,-0.962,72,茶色瓶,一般酒
15.2,10,4.53,1.24,0.979,-0.107,-0.901,69,茶色瓶,一般酒
15.3,-1.17,4.19,1.53,1.77,-0.176,-0.867,69,茶色瓶,一般酒
15,3.64,4.28,1.17,1.48,-0.0275,-1.2,69,茶色瓶,一般酒
15,3.1,4.63,1.15,0.594,0.183,-1.06,69,茶色瓶,一般酒
14.6,2.23,5.35,1.42,1.07,0.0367,-0.949,67,茶色瓶,一般酒
14,3.26,5.01,0.937,1.16,-0.17,-1.09,67,茶色瓶,一般酒
15.4,-1.39,4.17,1.6,1.24,-0.00234,-1,68,茶色瓶,一般酒
15.8,7.9,4.85,1.25,1.32,-0.0254,-1.01,70,茶色瓶,一般酒
16.2,NA,4.11,0.688,1.29,-0.386,NA,71,茶色瓶,一般酒
14.6,4.66,4.49,1.64,1.61,-0.12,-1.16,68,茶色瓶,一般酒
15.6,-0.00332,4.99,1.01,1.55,-0.0587,-1.16,70,茶色瓶,一般酒
15.3,2.82,4.42,NA,1.44,0.0928,-1.03,69,茶色瓶,一般酒
14.2,4.94,NA,NA,0.98,0.113,-1.07,68,茶色瓶,一般酒
16,1.29,4.32,1.45,1.34,-0.496,-0.953,68,茶色瓶,一般酒
14.9,6.18,5.23,0.793,1.35,0.0152,-1.17,73,茶色瓶,一般酒
16.2,11.4,5.71,1.24,0.819,-0.139,-1.13,69,茶色瓶,一般酒
15.4,7.48,3.92,1.37,NA,-0.0796,-0.985,68,紙パック,一般酒
14.7,-4.36,5.17,1.33,1.94,0.12,-1.1,71,茶色瓶,一般酒
16.1,10.1,4.1,1.26,1.07,-0.408,-1.04,66,茶色瓶,NA
15.3,4.89,4.96,0.895,1.24,-0.0802,-1.1,71,紙パック,一般酒
16.2,4.72,3.63,1.45,1.36,-0.0898,-0.861,68,緑色瓶,一般酒
14.8,6.72,3.6,1.29,1.45,-0.0871,-1,70,茶色瓶,一般酒
14,3.76,5,0.924,1.5,0.04,-1.2,71,茶色瓶,NA
15.1,4.6,4.1,1.22,1.05,-0.146,-0.955,69,茶色瓶,一般酒
15.7,0.0742,NA,0.878,0.588,-0.0207,-1.03,70,茶色瓶,一般酒
16,5.02,5.43,1.25,0.728,-0.598,-1.05,65,茶色瓶,一般酒
15.3,-3.1,4.26,1.53,1.28,-0.315,-0.968,69,紙パック,一般酒
16.2,4.18,3.84,1,2.06,0.0899,-1.11,72,茶色瓶,一般酒
14.5,NA,4.73,1.28,1.46,-0.154,-1.04,68,茶色瓶,一般酒
14.3,5.46,4.98,0.904,1.52,-0.304,-0.967,68,茶色瓶,一般酒
16,1.44,3.91,1.46,0.948,-0.491,-1.15,69,茶色瓶,一般酒
14.7,1.32,6.6,1.19,1.75,NA,-1.03,70,茶色瓶,一般酒
15.9,6.19,4.76,1.12,1.87,0.188,-0.982,72,紙パック,一般酒
15.1,4.83,5.05,0.973,NA,-0.0157,-1.02,68,紙パック,一般酒
14.7,4.37,3.19,1.26,0.862,-0.0118,-0.918,70,茶色瓶,一般酒
14.4,1.43,4.31,0.93,1.25,0.267,-1.03,68,茶色瓶,一般酒
16,-1.28,5.83,0.998,0.91,-0.0777,-0.891,70,リターナブル瓶,一般酒
13.7,0.913,NA,1.38,1.51,-0.0799,-0.872,67,茶色瓶,一般酒
16.4,11.1,5.21,1.22,1.18,NA,-1.02,69,紙パック,一般酒
15.1,10.1,5.1,1.13,1.49,-0.125,-1.19,70,茶色瓶,一般酒
15.5,7.8,3.1,1.5,0.828,-0.159,-0.907,65,その他色瓶,一般酒
15.8,5.07,4.16,0.897,1.85,-0.318,-0.899,66,緑色瓶,一般酒
14.2,4.78,3.84,1.56,0.197,0.328,-0.886,71,茶色瓶,一般酒
15.3,2.97,5.72,1.11,1.46,-0.314,-0.974,74,茶色瓶,一般酒
15.5,-1.48,5.12,1.02,1.27,0.135,-0.845,68,茶色瓶,一般酒
14.5,9.96,3.89,1.18,1.27,-0.00583,-1.01,70,茶色瓶,一般酒
15.1,0.392,4.51,1.18,1.24,0.0256,-1.07,72,緑色瓶,一般酒
15.8,-1.86,NA,1.5,1.12,-0.00309,-0.998,73,茶色瓶,一般酒
15,-1.74,4.4,1.48,1.11,-0.0174,NA,68,紙パック,一般酒
15.1,-1.63,3.62,1.02,2,-0.00321,-0.815,71,緑色瓶,一般酒
14.4,5.28,4.13,1.11,0.668,-0.119,-1.03,70,茶色瓶,一般酒
16,0.255,5.03,1.22,1.45,0.113,-0.964,69,茶色瓶,一般酒
16.1,9.27,3.72,0.62,0.978,-0.225,-1.01,71,茶色瓶,一般酒
15.9,4.2,4.57,1.34,1.14,0.228,-0.899,71,茶色瓶,一般酒
16.3,3.04,4.7,NA,1.69,0.209,-1.07,70,緑色瓶,一般酒
15.8,-1.79,4.11,1.56,1.32,-0.415,-1.01,71,その他色瓶,一般酒
16,-1.98,4.95,1.32,1.69,0.0102,-0.993,73,茶色瓶,一般酒
14.8,2.19,5.11,1.3,1.56,-0.0818,-0.998,69,茶色瓶,一般酒
14.7,0.756,4.22,1.3,1.02,-0.0421,-0.971,74,茶色瓶,一般酒
14.9,3.5,4.4,1.29,1.19,NA,-0.982,75,紙パック,一般酒
15.4,9.15,4.31,1.57,1.46,-0.094,-0.978,70,緑色瓶,一般酒
15.5,1.49,3.67,1.19,NA,0.0925,-1.06,74,茶色瓶,一般酒
14.8,-0.407,4.27,1.17,1.23,0.341,-0.832,72,茶色瓶,一般酒
15.9,0.0414,4.4,1.41,0.65,-0.0428,-0.97,68,茶色瓶,一般酒
14.2,5.62,5.71,1.02,0.826,NA,-1.09,68,茶色瓶,一般酒
15.5,4.2,5.31,1.24,0.751,-0.114,-0.933,66,茶色瓶,一般酒
15.2,1.99,4.29,1.18,1.25,-0.143,-1.02,70,茶色瓶,一般酒
17.1,3.65,3.45,1.03,2.12,-0.0695,-1.01,70,茶色瓶,一般酒
15.1,12,4.89,1.23,0.785,0.0203,-1.01,75,茶色瓶,一般酒
15.7,-2.42,4.44,0.899,0.961,-0.316,-1.05,68,茶色瓶,一般酒
15.8,2.92,4.5,1.12,0.487,0.0468,-1.12,70,茶色瓶,一般酒
15.9,NA,4.88,0.907,1.05,0.155,-1.02,72,紙パック,一般酒
15.8,5.36,4.98,1.45,1.58,-0.0773,-1,68,緑色瓶,一般酒
15.8,4.81,5.24,1.21,1.3,-0.0858,-0.857,71,茶色瓶,一般酒
14.5,0.956,4.18,1.07,0.654,0.0337,-0.986,70,茶色瓶,一般酒
14.2,7.16,5.24,1.07,1.31,-0.384,-0.853,69,茶色瓶,一般酒
14.6,1.94,4.82,1.21,1.08,-0.511,-0.949,71,茶色瓶,一般酒
15,3.17,3.63,1.07,1.11,0.168,-1.16,73,茶色瓶,一般酒
15.2,4.18,4.04,1.29,1.35,-0.109,NA,70,紙パック,一般酒
16,8.57,3.39,1.59,0.964,-0.28,-0.994,70,茶色瓶,一般酒
15,2.73,3.5,1.04,1.58,-0.274,-0.898,70,紙パック,一般酒
14.2,3.21,4.06,1.38,0.816,-0.514,-1.16,68,茶色瓶,一般酒
15.7,2.91,5.15,1.24,1.16,-0.0404,-0.983,74,茶色瓶,一般酒
14.7,5.45,5.76,0.979,1.23,-0.392,-1.15,72,茶色瓶,一般酒
14.8,7.01,4.81,1.53,1.42,-0.23,-1.04,70,茶色瓶,一般酒
14.9,-1.91,4.08,1.43,NA,0.229,-1.08,72,茶色瓶,一般酒
15.2,8.55,4.98,1.43,1.2,-0.0927,-0.922,73,茶色瓶,一般酒
15.5,0.771,3.84,1.22,1.76,0.141,-0.894,72,茶色瓶,一般酒
16.9,2.57,5.29,1.17,1.46,0.187,-1.01,67,茶色瓶,一般酒
15.6,-0.177,4.99,0.835,1.02,-0.173,-0.907,70,茶色瓶,一般酒
16.1,0.258,4.99,1.22,0.705,NA,-0.87,70,茶色瓶,一般酒
15.6,1.47,4.06,0.887,1.4,0.0725,-1.03,72,紙パック,一般酒
15.1,0.845,4.85,1.35,1.6,-0.327,-0.918,72,茶色瓶,一般酒
16.5,7.12,5.21,1.19,0.907,-0.173,NA,67,緑色瓶,一般酒
15.5,-1.18,3.78,1.47,NA,-0.293,-0.819,68,茶色瓶,一般酒
15.5,3.96,4.57,1.46,1.7,0.136,-0.938,75,NA,一般酒
14.5,-2.39,5.7,0.969,1.71,0.0608,-0.987,69,NA,一般酒
15,3.61,4.21,1.38,1.53,-0.117,-0.936,72,緑色瓶,一般酒
14.9,7.02,4.61,0.912,1.23,-0.165,-0.939,69,茶色瓶,一般酒
16.1,4.75,4.79,1.22,1.08,0.0252,-0.942,72,その他色瓶,一般酒
16.2,7.22,3.94,1.26,1.67,-0.405,-0.966,70,茶色瓶,一般酒
14.5,8.54,4.12,0.779,1.36,0.0271,-0.939,70,茶色瓶,一般酒
15.3,7.29,4.23,1.3,1.63,-0.215,-0.969,69,茶色瓶,一般酒
15.2,-0.975,5.2,1.61,1.36,-0.0408,-1.04,73,リターナブル瓶,一般酒
15.2,3.57,4.45,1.12,1.29,0.133,-0.999,68,茶色瓶,一般酒
14.7,2.62,3.34,1.34,1.23,-0.0579,-0.932,67,茶色瓶,一般酒
16,1.28,4.6,1.3,1.34,-0.373,-0.858,74,茶色瓶,一般酒
16.3,8.12,4.37,0.804,1.38,-0.0934,-0.962,66,茶色瓶,一般酒
16.4,NA,5.88,1.17,1.03,0.0505,-1.01,70,茶色瓶,一般酒
15.1,5.67,4.75,1.35,0.648,0.116,-1.16,68,茶色瓶,一般酒
15.4,1.09,4.04,1.23,1.7,-0.196,-0.906,69,茶色瓶,一般酒
16.1,8.8,4.76,1.42,1.47,-0.044,-1.14,71,茶色瓶,一般酒
14.3,1.6,4.62,0.978,1.4,-0.158,-0.938,67,茶色瓶,一般酒
16.5,-0.989,3.62,1.39,1.8,-0.18,-1.05,69,リターナブル瓶,一般酒
16.5,6.48,5.79,1.28,1.17,-0.0811,-0.792,72,リターナブル瓶,一般酒
15.2,9.79,4.98,1.11,0.567,-0.0868,-0.979,67,紙パック,一般酒
16.3,1.67,4.82,1.15,1.2,-0.0206,-0.849,69,茶色瓶,一般酒
14.3,2.6,4.22,1.12,1.1,0.0441,-1.11,69,茶色瓶,一般酒
15.4,8.44,5.06,1.19,1.25,-0.235,-0.948,72,茶色瓶,一般酒
15.4,4.5,3.93,1.49,1.22,-0.213,-0.883,67,茶色瓶,一般酒
16.3,9.2,4.86,1.48,0.469,-0.0913,-0.83,66,茶色瓶,一般酒
15.7,8.42,4.6,1.13,0.656,-0.336,-1.01,69,茶色瓶,一般酒
16.6,-3.03,5.47,1.1,0.905,0.0312,-1.03,72,緑色瓶,一般酒
16.1,0.749,4.39,0.92,0.993,0.0606,-1.19,67,茶色瓶,一般酒
14.6,2.37,4.21,1.11,1.54,-0.0941,-0.996,69,茶色瓶,一般酒
15.1,3.65,5.18,1.09,1.37,-0.106,-1.04,70,茶色瓶,一般酒
15.1,-3.08,5.5,1.51,1.46,-0.0451,-0.999,69,茶色瓶,一般酒
14.7,6.21,NA,0.954,0.798,-0.0843,-1,67,茶色瓶,一般酒
16.6,5.41,4.55,1.11,1.88,0.0215,-0.879,73,紙パック,一般酒
14.3,-3.04,5,1.24,1.78,0.059,-1.05,72,茶色瓶,一般酒
16.5,5.12,3.86,0.717,0.994,0.162,-0.974,73,茶色瓶,一般酒
14.7,2.05,3.3,1.26,1.22,-0.367,-0.939,68,茶色瓶,一般酒
16.1,-0.181,4.12,1.27,2.07,-0.174,-1.07,75,茶色瓶,一般酒
15.4,5.26,4.94,0.821,1.48,0.227,-0.962,70,緑色瓶,一般酒
16.1,6.57,3.77,1.04,1.05,-0.0491,-1.03,69,茶色瓶,一般酒
16,0.0178,4.96,1.02,1.52,0.0752,-0.998,67,その他色瓶,一般酒
15.7,5.78,4.07,1.22,1.4,-0.417,-1.15,76,茶色瓶,一般酒
15.2,-0.299,5.45,1.15,1.24,-0.309,-0.999,70,茶色瓶,一般酒
14.3,5.59,3.55,1.66,1.05,-0.131,-0.977,69,茶色瓶,一般酒
15.6,4.74,5.33,1.25,0.696,0.075,-1.04,71,茶色瓶,一般酒
15.2,NA,4.79,1.5,1.26,-0.0608,-0.969,69,茶色瓶,一般酒
15.2,1.87,4.38,1.15,1.15,0.0375,-0.982,63,茶色瓶,一般酒
16.4,1.19,4.01,1.07,1.58,0.166,-0.992,70,茶色瓶,一般酒
14.5,4.56,4.32,1.23,0.972,-0.157,-0.998,70,茶色瓶,一般酒
13.5,2.29,4.48,1.02,0.647,0.0851,-0.893,71,茶色瓶,一般酒
14.4,3.74,3.94,0.931,NA,0.202,-1.02,72,紙パック,一般酒
16.2,-0.115,6.02,1.37,1.1,-0.027,-0.965,69,茶色瓶,一般酒
15.8,NA,4.32,0.789,1.67,-0.115,-1.01,72,茶色瓶,一般酒
14.7,4.78,4.22,1.17,1.74,-0.0093,-0.811,73,茶色瓶,一般酒
14.8,1.36,4.73,1.21,1.56,-0.26,-1.18,73,茶色瓶,一般酒
16.5,5.86,4.89,1.02,0.907,0.124,-1.05,67,茶色瓶,一般酒
15.3,3.02,4.93,0.959,1.64,-0.0769,-1.08,69,茶色瓶,一般酒
14.8,6.77,4.44,1.49,1.05,-0.267,-0.961,70,茶色瓶,一般酒
15.6,6.87,4.11,1.22,1.15,-0.381,-1.02,71,紙パック,一般酒
15.3,5.36,4.61,1.52,1.94,-0.23,-0.941,66,緑色瓶,一般酒
15.6,2.63,5.38,1.21,NA,0.166,-0.931,70,リターナブル瓶,一般酒
14.6,1.49,3.79,1.2,1.02,-0.121,-1.03,66,茶色瓶,一般酒
15.2,7.64,4.13,1.44,1.33,-0.323,-1.07,68,茶色瓶,一般酒
15,-0.372,4.15,1.24,1.12,-0.232,-0.974,68,茶色瓶,一般酒
14.6,2.94,5.51,1.21,0.973,0.0405,-1.14,70,茶色瓶,一般酒
15.7,-0.103,4.2,1.06,1.39,-0.308,-1.04,71,紙パック,一般酒
15.6,1.86,5.95,1.02,0.133,-0.496,-0.966,70,NA,一般酒
16.6,3.69,4.52,0.944,1.29,-0.226,-0.77,50,その他色瓶,吟醸酒
14.8,1.36,4.53,1.37,1.18,-0.276,-0.6,35,リターナブル瓶,吟醸酒
14.8,5.16,4.53,1.63,0.885,-0.163,-0.63,47,リターナブル瓶,吟醸酒
14.8,1.33,4.38,1.56,1.23,-0.365,-0.587,39,緑色瓶,吟醸酒
16.2,3.32,5.3,1.48,1.41,-0.334,-0.626,31,緑色瓶,吟醸酒
14.9,1.87,4.95,1.5,1.36,-0.346,-0.634,30,緑色瓶,吟醸酒
15.4,2.2,4.43,NA,0.517,-0.439,-0.675,25,その他色瓶,吟醸酒
17,-1.35,5.99,1.39,1.3,-0.378,-0.836,21,緑色瓶,吟醸酒
16.4,0.744,4.51,1.67,0.947,-0.221,-0.732,57,その他色瓶,吟醸酒
15.6,0.196,5.37,1.4,1.32,-0.142,-0.746,44,リターナブル瓶,吟醸酒
15.9,3.46,4.61,1.18,1.04,-0.291,-0.661,33,茶色瓶,吟醸酒
15.3,7.02,4.74,1.55,1.2,-0.337,-0.739,10,緑色瓶,吟醸酒
17.2,4.54,4.66,1.6,0.999,-0.21,-0.687,41,緑色瓶,吟醸酒
NA,5.06,4,1.23,1.1,-0.343,-0.748,13,その他色瓶,吟醸酒
14.6,4.02,4.95,1.15,1.36,-0.29,-0.666,24,緑色瓶,吟醸酒
16.2,7.15,5.04,1.22,0.769,-0.299,-0.624,34,緑色瓶,吟醸酒
NA,0.566,4.61,1.47,1.45,-0.182,-0.735,14,その他色瓶,吟醸酒
16,3.33,4.66,1.58,1.11,-0.261,-0.843,35,緑色瓶,吟醸酒
17.4,6.4,3.94,1.65,1.8,-0.0661,-0.699,46,青色瓶,吟醸酒
15.4,3.47,5.67,1.28,1.29,-0.399,-0.748,45,緑色瓶,吟醸酒
15.2,8.37,4.09,1.37,0.824,-0.169,-0.709,27,緑色瓶,吟醸酒
14.2,10.1,4.56,1.66,1.17,-0.265,-0.782,NA,緑色瓶,吟醸酒
16.7,8.19,5.14,1.22,1.33,-0.307,-0.727,63,緑色瓶,吟醸酒
16.3,4.25,5.63,0.96,0.785,-0.128,-0.695,44,緑色瓶,吟醸酒
15.5,2.51,4.75,1.98,1.8,-0.115,-0.802,44,リターナブル瓶,吟醸酒
16.7,6.08,4.27,1.44,1.52,-0.154,-0.779,53,緑色瓶,NA
16.4,6.72,NA,1.45,1.41,-0.217,-0.783,52,緑色瓶,吟醸酒
14.5,2.81,4.58,1.01,1.72,-0.175,-0.779,36,NA,吟醸酒
NA,2.33,5.15,1.35,1.51,-0.462,-0.688,46,リターナブル瓶,吟醸酒
17.4,1.46,4.27,1.29,0.733,-0.236,-0.737,46,青色瓶,吟醸酒
16.2,6.93,4.87,1.09,1.52,-0.409,-0.681,31,緑色瓶,吟醸酒
15.1,3.78,4.57,1.36,0.878,-0.0719,-0.756,17,茶色瓶,吟醸酒
16,5.21,5.2,1.31,1.26,-0.486,-0.817,NA,緑色瓶,吟醸酒
15.6,2.12,4.37,1.25,1.02,-0.218,-0.835,41,緑色瓶,吟醸酒
16.1,2.52,4.54,1.06,1.28,-0.133,NA,24,緑色瓶,吟醸酒
15.4,5.85,4.88,0.859,1.19,-0.385,-0.784,28,緑色瓶,吟醸酒
15.9,1.44,4.53,1.66,0.898,-0.451,-0.619,36,緑色瓶,吟醸酒
15.4,5.91,5.19,1.21,1.7,-0.343,-0.651,47,緑色瓶,吟醸酒
15.8,1.41,5.04,1.28,0.926,-0.17,-0.758,54,その他色瓶,吟醸酒
16.8,2.35,5.25,1.21,1.27,-0.431,-0.787,17,緑色瓶,吟醸酒
16.3,2.27,5.36,1.5,1.55,-0.248,-0.788,34,茶色瓶,吟醸酒
16.1,6.31,4.45,1.05,1.4,-0.492,-0.761,34,緑色瓶,吟醸酒
14.6,1.91,5.17,1.22,1.24,-0.299,-0.662,29,緑色瓶,吟醸酒
15.7,5.55,5.51,1.35,1.39,-0.305,-0.684,14,青色瓶,吟醸酒
15.6,4.3,4.75,1.37,1.56,-0.391,-0.676,39,その他色瓶,吟醸酒
18.1,4,5.16,1.32,1.29,-0.523,-0.902,29,緑色瓶,吟醸酒
16.3,5.01,4.35,1.06,1.2,-0.162,-0.802,27,緑色瓶,吟醸酒
16.4,2.21,4.06,1.38,1.01,-0.306,-0.579,12,その他色瓶,吟醸酒
15.1,0.423,5.59,1.01,0.727,-0.481,-0.83,31,茶色瓶,吟醸酒
17.2,0.1,3.82,1.21,1.82,-0.396,-0.661,40,その他色瓶,吟醸酒
15.5,11.4,4.59,0.964,0.993,-0.267,-0.865,14,緑色瓶,吟醸酒
15.7,0.778,4.76,1.31,0.885,-0.455,-0.768,40,その他色瓶,吟醸酒
15.2,6.78,3.57,1.03,1,-0.2,-0.749,67,緑色瓶,吟醸酒
16.6,5.88,4.57,1.36,1.48,-0.266,-0.787,33,緑色瓶,吟醸酒
16.1,8.93,4.95,1.56,1.49,-0.03,-0.693,43,その他色瓶,吟醸酒
15.4,0.0169,5,1.19,1.24,-0.393,-0.738,12,緑色瓶,吟醸酒
15.5,5.68,4.86,1.64,0.651,-0.187,-0.778,27,緑色瓶,吟醸酒
15.7,2.6,4.12,1.44,0.964,-0.0298,-0.828,43,リターナブル瓶,吟醸酒
14.2,6.08,5.28,1.21,0.785,-0.302,-0.874,-4.4,緑色瓶,吟醸酒
17.1,2.04,4.32,1.48,1.48,-0.376,-0.764,21,緑色瓶,吟醸酒
16.4,4.04,4.29,0.958,1.32,-0.258,-0.842,28,その他色瓶,吟醸酒
15.7,6.75,3.9,1.13,1.24,-0.258,-0.646,31,その他色瓶,吟醸酒
15.3,4.34,5.21,1.85,0.848,-0.493,-0.74,48,茶色瓶,吟醸酒
16.8,3.38,5.07,1.27,1.05,NA,-0.854,NA,その他色瓶,吟醸酒
17.4,-1.24,4.74,0.744,0.907,-0.0186,-0.743,14,青色瓶,吟醸酒
14.7,3.79,4.54,1.37,1.08,-0.364,-0.77,29,その他色瓶,吟醸酒
17,1.45,4.92,1.45,1.17,-0.332,-0.743,37,緑色瓶,吟醸酒
15.6,3.68,5.19,1.18,1.77,0.00258,-0.942,55,その他色瓶,吟醸酒
15.8,2.82,4.47,1.09,1.01,NA,-0.879,19,緑色瓶,吟醸酒
16.3,NA,4.16,1.13,1.1,-0.0603,-0.695,43,緑色瓶,NA
14.5,6.16,4.36,1.04,1.35,-0.31,-0.72,52,その他色瓶,吟醸酒
15.7,3.04,3.89,1.1,1.36,NA,-0.68,32,茶色瓶,吟醸酒
16,-2.33,5.14,1.14,1.3,-0.147,-0.791,51,緑色瓶,吟醸酒
15.6,10.5,4.53,1.17,1.02,-0.3,-0.695,23,その他色瓶,吟醸酒
15.6,4.42,3.49,NA,0.908,-0.253,-0.718,14,緑色瓶,吟醸酒
16.8,3.5,5.5,1.52,1.45,-0.244,-0.842,38,茶色瓶,吟醸酒
15.7,7.18,5.16,1.32,1.32,-0.38,-0.689,NA,リターナブル瓶,吟醸酒
15.6,5.03,4.11,1.56,0.903,-0.164,-0.555,42,緑色瓶,NA
16.7,0.421,4.34,1.55,1.15,-0.197,-0.789,39,その他色瓶,吟醸酒
15.5,-0.347,3.83,1.2,NA,-0.156,-0.657,41,緑色瓶,吟醸酒
16.8,7.88,4.68,1.31,0.721,-0.182,-0.745,50,その他色瓶,吟醸酒
15.3,4.58,4.37,1.01,1.48,-0.145,-0.736,21,青色瓶,吟醸酒
15.7,11.4,4.9,1.39,1.32,-0.14,-0.543,43,NA,吟醸酒
16.1,2.57,4.68,1.21,1.13,-0.453,-0.723,29,茶色瓶,吟醸酒
15.3,3.51,4.5,1.09,0.878,NA,-0.827,28,茶色瓶,吟醸酒
15.2,10.3,4.81,1.44,1.55,-0.406,-0.682,34,その他色瓶,吟醸酒
15.2,6.29,4.35,1.28,1.51,-0.472,-0.689,26,茶色瓶,吟醸酒
15.3,-3.83,5.22,1.32,1.22,-0.173,-0.719,51,緑色瓶,吟醸酒
15.2,4.41,5.09,1.38,1.62,-0.446,-0.873,37,緑色瓶,吟醸酒
16,5.41,5.16,1.33,0.956,-0.298,-0.685,24,緑色瓶,吟醸酒
16.1,4.67,5.38,0.924,1.11,-0.241,-0.662,45,緑色瓶,吟醸酒
16,3.86,3.77,1.36,0.975,-0.269,-0.715,16,リターナブル瓶,吟醸酒
17,0.152,4.57,1.55,1.4,-0.318,-0.74,21,青色瓶,吟醸酒
15.1,5.22,3.82,1.32,1.11,-0.239,-0.761,20,その他色瓶,吟醸酒
15.8,-0.0794,4.03,1.25,1.15,-0.408,-0.704,13,茶色瓶,吟醸酒
15.9,4.71,3.9,1.01,NA,-0.223,-0.624,29,茶色瓶,吟醸酒
14.6,4.37,4.43,1.23,0.727,-0.123,-0.723,47,緑色瓶,吟醸酒
16.1,2.62,5.62,1.11,1.59,-0.344,-0.808,70,緑色瓶,吟醸酒
15.7,3.51,5.6,0.916,1.39,-0.19,-0.782,16,緑色瓶,吟醸酒
15.9,2.36,3.98,1.33,1.23,-0.17,-0.634,35,緑色瓶,吟醸酒
15.4,2.82,5.17,1.26,1.14,-0.279,-0.744,26,その他色瓶,吟醸酒
16.8,7.08,5.21,1.27,1.38,-0.197,-0.811,47,緑色瓶,吟醸酒
16.8,1.3,4.38,1.33,0.991,-0.425,-0.629,24,緑色瓶,吟醸酒
15.6,NA,5.07,1.26,0.821,-0.236,-0.792,58,茶色瓶,吟醸酒
16.2,3.72,4.61,1.2,1.1,-0.328,-0.553,46,リターナブル瓶,吟醸酒
15.1,7.42,5.56,1.47,0.952,-0.138,-0.645,28,茶色瓶,吟醸酒
16.3,3.73,5.26,1.32,1.19,-0.344,-0.666,33,緑色瓶,吟醸酒
15.6,9.06,5.02,1.07,1.13,-0.0115,-0.709,19,緑色瓶,吟醸酒
15.7,2.31,4.64,1.87,1.16,-0.211,-0.736,45,青色瓶,吟醸酒
15.1,4.64,4.53,1.44,1.54,-0.148,-0.678,42,その他色瓶,吟醸酒
15.4,5.55,4.52,2.2,0.982,-0.381,-0.672,43,緑色瓶,吟醸酒
15.7,1.4,4.78,1.13,1.43,-0.176,-0.67,36,その他色瓶,吟醸酒
16,5.19,4.71,1.17,1.21,-0.376,-0.73,25,茶色瓶,吟醸酒
16.6,1.72,5.06,1.4,1.18,-0.295,-0.822,45,その他色瓶,吟醸酒
15.9,0.217,5.54,1.31,1.24,-0.207,-0.777,18,その他色瓶,吟醸酒
15.1,4.48,5.52,1.53,1.06,-0.276,-0.827,33,茶色瓶,吟醸酒
15.3,2.81,3.78,1.08,1.05,-0.255,-0.733,33,緑色瓶,吟醸酒
15.2,7.89,4.7,0.955,1.14,-0.0959,-0.762,29,緑色瓶,吟醸酒
15,1.53,4.41,1.04,1.43,-0.307,-0.709,45,その他色瓶,吟醸酒
16.3,2.91,4.13,1.23,2.01,-0.268,-0.716,37,緑色瓶,吟醸酒
16,6.28,5.59,1.12,1.53,-0.366,-0.708,37,茶色瓶,吟醸酒
NA,3.94,4.2,1.31,1.55,-0.253,-0.687,38,緑色瓶,吟醸酒
15.7,5.43,4.88,1.22,1.66,-0.452,-0.723,34,緑色瓶,吟醸酒
14.3,6.05,4.42,1.15,0.879,-0.199,-0.787,39,その他色瓶,吟醸酒
14.7,6.53,5.17,1.72,1.29,NA,-0.799,43,緑色瓶,吟醸酒
15.7,-0.137,4.42,1.46,1.33,-0.398,-0.673,24,その他色瓶,吟醸酒
16.7,0.724,5.22,NA,1.12,-0.331,-0.781,18,その他色瓶,吟醸酒
15.6,1.33,3.88,1.29,1.52,-0.372,-0.598,29,緑色瓶,吟醸酒
15,5.16,4.39,1.6,1.34,-0.407,-0.8,43,その他色瓶,NA
15.8,0.0324,3.87,1.41,0.999,NA,-0.752,49,その他色瓶,吟醸酒
17,-0.0395,5.09,1.27,0.697,-0.313,-0.831,17,茶色瓶,吟醸酒
15.3,5.44,4.32,1.58,0.914,-0.29,-0.765,50,その他色瓶,吟醸酒
15.9,9.26,3.77,1.6,1.28,-0.37,-0.826,44,茶色瓶,吟醸酒
16.7,10.5,4.56,1.63,1.31,-0.287,-0.646,33,緑色瓶,吟醸酒
17.4,2.96,5.87,1.44,1.11,-0.291,-0.83,36,緑色瓶,吟醸酒
15.8,7.38,4.49,1.31,1.26,-0.359,-0.666,36,その他色瓶,吟醸酒
16.1,1.56,3.82,1.81,1.9,-0.639,-0.329,75,茶色瓶,純米酒
15.1,2.57,5.08,1.14,1.15,-0.371,-0.578,72,緑色瓶,純米酒
14.8,0.347,4.31,1.79,1.78,-0.565,-0.47,80,茶色瓶,純米酒
15.9,3.93,4.13,1.81,1.55,-0.594,-0.418,79,茶色瓶,純米酒
16.2,-1.24,4.81,1.3,1.36,-0.147,-0.339,67,その他色瓶,純米酒
16.1,6.54,4.09,1.75,1.72,-0.271,-0.42,82,緑色瓶,純米酒
15.6,4.16,3.76,1.49,1.55,-0.627,-0.358,70,緑色瓶,純米酒
15.9,8.93,3.08,1.51,NA,-0.47,-0.431,75,緑色瓶,純米酒
15.4,4.24,4.24,1.32,1.11,-0.422,-0.352,77,茶色瓶,純米酒
14.7,5.6,3.74,1.42,NA,-0.702,-0.483,65,茶色瓶,純米酒
14.7,5.43,4.04,1.49,1.46,-0.752,-0.481,84,緑色瓶,純米酒
15.4,11.7,5,1.65,2.31,-0.861,-0.312,73,茶色瓶,純米酒
14.4,0.299,5.78,1.63,1.04,-0.752,-0.28,71,茶色瓶,純米酒
16.7,2.22,6.24,1.31,2.16,NA,-0.326,71,その他色瓶,純米酒
15.6,2.66,2.61,1.47,1.54,-0.485,-0.436,75,緑色瓶,純米酒
15.1,4.86,4.08,1.7,1.29,-0.404,-0.576,71,茶色瓶,純米酒
15.7,7.82,2.52,0.972,1.9,-0.503,-0.369,77,その他色瓶,純米酒
14.6,7.67,4.85,1.61,1.38,-0.258,-0.463,80,茶色瓶,純米酒
15.5,1.64,4.47,1.75,1.56,-0.707,-0.453,79,その他色瓶,純米酒
16.3,6.01,4.83,1.4,1.76,-0.656,-0.511,73,茶色瓶,純米酒
15,1.9,4.97,1.82,1.56,-0.345,-0.449,76,茶色瓶,純米酒
NA,1.45,4.87,1.76,1.46,-0.263,-0.32,72,茶色瓶,純米酒
16,5.23,4.42,1.5,1.25,-0.236,-0.429,67,緑色瓶,純米酒
16.1,8.81,3.48,1.36,1.7,-0.518,-0.574,74,緑色瓶,純米酒
14.6,6.95,4.94,1.83,2.11,-0.256,-0.482,71,茶色瓶,純米酒
15.9,0.392,4.91,1.87,1.4,-0.568,-0.396,76,茶色瓶,純米酒
15.3,6.8,3.82,NA,1.54,-0.534,-0.442,74,茶色瓶,NA
14.8,5.17,4.21,1.7,1.49,-0.663,-0.303,74,緑色瓶,純米酒
15.7,8.89,3.35,1.41,1.69,-0.424,-0.448,76,緑色瓶,純米酒
15.7,4.79,3.82,1.61,1.05,-0.593,-0.447,NA,緑色瓶,純米酒
15.4,4.61,5.05,1.61,1.97,-0.593,-0.41,75,緑色瓶,純米酒
14.7,2.96,4.77,1.69,1.45,-0.626,-0.402,80,緑色瓶,純米酒
14.6,3.23,4.27,1.56,1.46,-0.643,-0.57,75,緑色瓶,純米酒
15.4,1.7,5.32,0.991,0.707,-0.586,-0.49,67,青色瓶,純米酒
16.2,1.52,4.6,1.44,1.38,-0.486,-0.487,69,茶色瓶,純米酒
16.2,5.8,3.45,1.52,1.5,-0.491,-0.222,73,茶色瓶,純米酒
14.9,7.28,4.48,1.49,1.63,-0.271,-0.527,74,緑色瓶,純米酒
15.2,4.11,5.32,1.24,1.67,-0.728,-0.579,72,茶色瓶,純米酒
16,3.75,4.86,1.47,1.52,-0.586,-0.285,79,茶色瓶,純米酒
16,-2.83,4.35,1.28,1.17,-0.662,-0.46,76,茶色瓶,純米酒
14.3,5.3,5.23,1.28,1.94,-0.581,-0.44,80,NA,純米酒
15.2,1.76,4.37,1.72,1.07,-0.648,-0.399,68,茶色瓶,純米酒
15.1,4.31,3.26,1.42,1.93,-0.466,-0.401,75,茶色瓶,純米酒
15.2,5.85,4.88,1.46,1.78,-0.552,-0.416,79,緑色瓶,純米酒
15.6,5.7,5.45,1.52,1.61,-0.506,-0.327,84,茶色瓶,純米酒
14.8,5.84,6.33,1.78,1.46,-0.831,-0.346,78,茶色瓶,純米酒
14.4,8.22,4.16,1.6,1.95,-0.594,-0.409,77,茶色瓶,純米酒
13.9,2.76,5.04,1.27,1.44,-0.629,-0.327,81,緑色瓶,純米酒
15.5,4.8,3.96,1.75,1.82,-0.555,-0.335,72,茶色瓶,純米酒
15.1,1.93,4.62,1.92,1.8,-0.112,-0.426,71,茶色瓶,純米酒
14.1,-3.59,4.53,1.36,1.61,-0.709,-0.454,74,茶色瓶,純米酒
15.1,0.552,4.27,2.03,1.63,-0.732,-0.467,79,茶色瓶,純米酒
16.4,-1.73,4.89,1.55,NA,-0.884,-0.388,73,緑色瓶,純米酒
14.4,6.49,4.66,1.01,1.96,-0.578,-0.416,73,緑色瓶,純米酒
15.5,10.3,4.45,1.42,2.24,-0.645,-0.327,72,緑色瓶,純米酒
15.4,4.73,3.66,0.775,2.53,-0.619,-0.396,76,その他色瓶,純米酒
15.8,6.24,5.84,1.61,1.55,NA,-0.563,83,緑色瓶,純米酒
15.6,5.4,4.05,1.24,1.69,-0.472,-0.476,78,茶色瓶,純米酒
15.1,4.68,4.87,1.51,1.85,-0.421,-0.334,70,NA,純米酒
15.6,1.43,5.73,1.31,1.23,-0.661,-0.444,67,茶色瓶,純米酒
15.4,1.82,4.35,1.58,0.927,-0.466,-0.458,89,緑色瓶,純米酒
15.3,1.08,3.98,1.26,1.45,-0.622,-0.298,80,茶色瓶,純米酒
16.3,2.3,4.74,1.19,1.7,-0.454,-0.411,70,茶色瓶,純米酒
15.4,7.81,4.94,1.85,1.61,-0.6,-0.42,69,緑色瓶,純米酒
15.6,2.36,4.36,1.64,1.57,-0.521,-0.475,73,緑色瓶,純米酒
15.8,11,4.38,1.38,1.88,-0.499,-0.466,72,緑色瓶,純米酒
15.8,-1.32,3.16,1.54,1.81,-0.416,-0.322,78,茶色瓶,純米酒
16,-0.328,5.07,1.83,1.4,-0.37,-0.549,78,茶色瓶,純米酒
15.3,0.705,5.17,1.87,1.53,-0.412,-0.567,81,茶色瓶,純米酒
15.1,5.13,4.8,1.42,1.74,-0.446,-0.402,65,茶色瓶,NA
14.9,-0.747,5.45,1.81,1.29,-0.512,-0.436,80,緑色瓶,純米酒
15.2,3.09,3.4,1.33,1.16,-0.467,-0.38,74,茶色瓶,純米酒
15.3,5.44,4.47,1.54,1.46,-0.647,-0.419,93,茶色瓶,純米酒
16.4,-0.934,4.88,1.27,1.27,-0.413,-0.4,75,緑色瓶,純米酒
16.4,4.1,NA,1.54,1.54,-0.637,-0.49,77,茶色瓶,純米酒
16.1,3.21,3.16,1.98,0.819,-0.283,-0.328,64,緑色瓶,純米酒
16.3,-0.118,4.79,1.2,1.18,-0.699,-0.521,65,緑色瓶,純米酒
15.2,NA,5.06,1.59,1.84,-0.573,-0.381,77,青色瓶,純米酒
14.6,2.53,6.27,1.29,1.56,-0.93,-0.552,70,茶色瓶,純米酒
15.2,-1.64,4.58,1.46,1.61,-0.558,-0.318,79,茶色瓶,純米酒
15.7,4.49,4.13,1.41,1.45,-0.532,-0.281,69,茶色瓶,純米酒
15.6,1.4,4.68,1.47,1.2,-0.66,-0.378,73,茶色瓶,純米酒
16.6,4.97,3.77,0.98,1.48,-0.632,-0.237,74,青色瓶,純米酒
15.3,9.39,5.07,1.55,1.92,-0.449,-0.479,68,緑色瓶,純米酒
15.1,1.97,4.51,NA,1.99,-0.567,-0.532,79,茶色瓶,純米酒
15.3,5.6,4.99,1.49,1.68,-0.565,-0.382,78,茶色瓶,純米酒
15.6,4.78,4.39,1.39,1.65,-0.419,-0.305,70,茶色瓶,純米酒
16.8,3.09,4.97,1.22,1.43,-0.601,-0.298,78,紙パック,純米酒
15.5,6.17,4.65,1.19,1.27,-0.416,-0.44,83,緑色瓶,純米酒
16,5.5,3.42,1.52,1.87,-0.279,-0.476,75,茶色瓶,純米酒
15.5,7.01,5.39,0.791,0.583,-0.425,NA,67,緑色瓶,純米酒
14.4,6.29,4.47,1.28,1.37,-0.484,-0.357,81,緑色瓶,純米酒
15.7,2.56,4.43,1.57,1.58,-0.798,-0.418,76,緑色瓶,純米酒
14.9,2.22,4.98,1.61,0.805,-0.752,-0.27,78,緑色瓶,純米酒
15.6,-2.53,3.69,1.3,1.74,NA,NA,76,茶色瓶,純米酒
14.8,1.55,2.74,1.59,1.86,-0.765,-0.442,84,茶色瓶,純米酒
14.5,2.82,3.91,1.39,1.6,-0.599,-0.374,74,緑色瓶,純米酒
16.6,-0.286,4.47,1.41,1.71,-0.514,-0.377,83,緑色瓶,純米酒
15.7,1.81,4.18,1.38,1.51,-0.464,-0.464,73,茶色瓶,純米酒
16.9,5.53,4.57,1.62,1.59,-0.267,-0.417,68,緑色瓶,純米酒
15.8,7.42,2.13,1.36,1.19,-0.428,-0.497,69,茶色瓶,純米酒
15.6,3.06,3.22,1.43,1.47,-0.583,-0.371,78,茶色瓶,純米酒
14.7,3.82,4.5,1.67,1.37,-0.545,-0.46,75,茶色瓶,純米酒
15.6,1.2,3.44,1.12,1.59,-0.744,-0.494,81,緑色瓶,純米酒
14.8,3.32,3.64,1.22,1.18,-0.588,-0.418,79,茶色瓶,純米酒
16.1,-1.92,6.16,1.39,1.42,-0.665,-0.462,73,茶色瓶,純米酒
15.9,8.52,4.61,1.6,1.48,-0.507,-0.494,81,緑色瓶,純米酒
16.7,1.82,4.97,2.04,1.81,-0.381,-0.481,78,緑色瓶,純米酒
15.8,5.23,4.97,1.54,2.1,-0.576,-0.321,84,緑色瓶,純米酒
14.4,2.94,4.32,1.32,1.09,-0.673,-0.509,76,緑色瓶,純米酒
15.8,4.59,5.69,1.42,1.62,-0.569,-0.424,76,茶色瓶,純米酒
14.9,7.82,3.01,1.32,1.47,-0.519,-0.37,78,緑色瓶,純米酒
16,8.67,4.22,1.6,2.01,-0.751,-0.337,77,緑色瓶,純米酒
16.1,4.14,4.51,1.57,1.62,-0.461,-0.429,81,茶色瓶,純米酒
14.7,0.343,2.61,1.2,1.77,-0.434,-0.345,78,茶色瓶,純米酒
15.1,5.01,3.56,1.33,1.42,-0.234,-0.444,71,茶色瓶,純米酒
16.5,2.41,4.69,1.56,1.39,-0.354,-0.291,76,その他色瓶,純米酒
15.8,-0.245,4.3,1.7,1.65,-0.46,-0.294,73,茶色瓶,純米酒
15.9,1.79,4.33,1.78,1.36,-0.577,-0.413,74,茶色瓶,純米酒
14.9,3.72,4.48,1.39,0.962,-0.551,-0.489,72,茶色瓶,純米酒
15.7,5.64,4.32,1.59,1.24,-0.892,-0.328,89,茶色瓶,純米酒
15.2,1.04,3.46,1.61,1.41,-0.508,-0.32,74,その他色瓶,純米酒
14.6,7.27,2.99,1.42,1.46,-0.0317,-0.393,72,茶色瓶,純米酒
15.1,-0.499,4.54,1.42,0.865,-0.537,-0.509,69,茶色瓶,純米酒
15.1,0.457,3.93,0.961,1.62,-0.529,-0.361,70,茶色瓶,純米酒
15.1,-1.92,3.78,1.39,1.77,-0.434,-0.893,66,茶色瓶,本醸造酒
15.3,6.45,4.08,1.18,1.05,-0.199,-0.856,66,茶色瓶,本醸造酒
15.8,1.93,4.82,1.3,1.41,-0.225,-0.901,70,茶色瓶,本醸造酒
15.2,11.9,5.11,1.01,2.09,-0.503,-0.982,64,茶色瓶,本醸造酒
15.9,0.74,4.65,1.28,1.29,-0.162,-0.823,60,緑色瓶,本醸造酒
15.7,4.38,3.33,1.28,1.13,-0.324,-0.875,63,緑色瓶,NA
15.6,7,5.53,1.06,1.14,-0.153,-0.885,65,茶色瓶,本醸造酒
16.4,5.59,4.04,1.39,1.27,-0.42,-0.893,65,その他色瓶,本醸造酒
15.1,3.9,4.73,1.28,1.42,-0.128,-0.638,66,リターナブル瓶,本醸造酒
15.9,0.307,4.67,1.47,1.12,0.0929,-0.843,66,茶色瓶,本醸造酒
16.2,6.11,4.56,1.32,0.947,NA,NA,60,茶色瓶,本醸造酒
16.3,2.73,4.74,1.15,1.46,-0.0866,-0.767,70,茶色瓶,本醸造酒
16,6.28,4.28,1.31,1.28,-0.171,-0.765,58,茶色瓶,本醸造酒
14.9,1.81,4.48,1.26,1.48,-0.383,-0.894,66,緑色瓶,NA
15.3,1.01,3.81,1.13,1.48,-0.17,-0.822,66,茶色瓶,本醸造酒
15.7,6.21,5.27,1.41,1.82,-0.169,-0.704,65,茶色瓶,本醸造酒
14.4,2.85,4.97,1.09,1.94,-0.0821,-0.813,67,緑色瓶,本醸造酒
15.6,3.97,NA,1.22,1.43,-0.379,-0.984,66,緑色瓶,本醸造酒
15.4,7.45,5.02,1.3,0.802,-0.182,-0.919,66,茶色瓶,本醸造酒
15.5,0.602,4.02,1.1,NA,-0.143,-0.775,65,茶色瓶,本醸造酒
16.3,8.39,4.52,1.15,1.51,NA,-0.84,66,茶色瓶,本醸造酒
15,3.25,5.64,1.31,1.2,-0.338,-0.834,68,茶色瓶,本醸造酒
14.8,3.14,4.29,1.16,1.6,NA,-0.824,69,緑色瓶,本醸造酒
15,6,4.18,1.29,1.39,-0.393,-0.816,66,茶色瓶,NA
16.1,7.82,3.7,1.45,NA,-0.255,-0.941,67,茶色瓶,本醸造酒
15.8,5.42,4.13,1.15,1.76,-0.155,-0.952,68,茶色瓶,本醸造酒
15.4,6.89,4.77,1.21,1.9,-0.334,-0.846,64,茶色瓶,本醸造酒
NA,5.34,4.11,1.31,1.82,-0.167,-0.885,68,茶色瓶,本醸造酒
15.8,4.77,5.79,1.25,1.44,-0.192,-0.843,63,茶色瓶,本醸造酒
15.1,11,2.52,1.09,1.41,-0.349,-1.01,60,茶色瓶,本醸造酒
15.3,2.6,5.32,1.23,1.54,-0.457,-0.831,68,緑色瓶,本醸造酒
16.4,2.3,4.68,1.62,1.6,-0.169,-0.845,64,リターナブル瓶,本醸造酒
15.3,-0.061,4.02,0.895,1.3,-0.285,NA,65,茶色瓶,本醸造酒
NA,8.89,4.67,1.33,1.58,-0.276,-0.923,71,緑色瓶,本醸造酒
15.6,8.19,4.05,1.13,1.33,-0.0549,-0.931,64,リターナブル瓶,本醸造酒
15.1,6.82,4.98,0.992,1.53,-0.357,-0.974,64,茶色瓶,本醸造酒
15.5,2.94,3.63,1.59,1.21,-0.587,-0.885,67,緑色瓶,本醸造酒
15.2,9.54,4.87,1.21,1.53,-0.196,-0.884,59,茶色瓶,本醸造酒
15.1,1.87,5.18,1.69,1.55,-0.313,-0.886,67,茶色瓶,本醸造酒
15.3,1.65,3.57,1.43,1.79,-0.537,-0.87,65,茶色瓶,本醸造酒
16,10.4,5.08,1.46,1.32,-0.0704,-0.847,65,茶色瓶,本醸造酒
15.5,0.661,3.99,1.2,1.1,-0.351,-0.895,61,茶色瓶,NA
15.8,7.78,4.05,1.23,1.7,0.107,-0.844,68,茶色瓶,本醸造酒
15.5,6.65,4.08,1.33,1.06,-0.176,-0.685,69,NA,本醸造酒
14.8,4.6,3.92,1.39,1.22,-0.306,-0.966,69,緑色瓶,本醸造酒
15.3,5.7,4.87,NA,NA,-0.351,-0.902,64,緑色瓶,本醸造酒
15.6,4.46,4.18,1.15,0.974,-0.46,-0.92,64,その他色瓶,本醸造酒
15.8,0.443,4.99,1.29,1.5,-0.216,-0.789,64,緑色瓶,本醸造酒
NA,5.96,4.18,1.26,1.1,-0.12,-0.893,64,茶色瓶,本醸造酒
15.3,7.36,4.89,1.21,1.54,-0.285,-0.729,NA,茶色瓶,本醸造酒
15.1,3.67,4.2,1.12,1.09,-0.499,-0.657,66,茶色瓶,本醸造酒
15.2,4.72,4.06,0.93,0.939,-0.395,-0.877,66,緑色瓶,本醸造酒
15.7,4.67,4.42,1.16,1.23,-0.642,-0.928,65,緑色瓶,本醸造酒
16.1,5.12,4.92,1.55,0.903,-0.349,-0.821,64,その他色瓶,本醸造酒
15.4,9.06,4.93,1.2,1.95,-0.0597,-0.823,64,茶色瓶,本醸造酒
15.3,11,4.61,1.34,1.69,-0.315,-0.905,64,茶色瓶,本醸造酒
NA,4.87,4.38,1.36,0.784,-0.379,-0.825,69,茶色瓶,本醸造酒
15.9,7.26,NA,1.57,1.21,-0.336,-0.655,NA,緑色瓶,本醸造酒
15.1,-0.131,3.45,1.2,1.35,-0.125,-0.959,67,緑色瓶,本醸造酒
15.7,5.21,3.64,1.31,1.02,-0.619,-0.865,62,茶色瓶,本醸造酒
15.1,0.729,4.22,1.46,1.06,-0.154,-0.742,69,茶色瓶,本醸造酒
15.4,7.35,4.77,1.14,1.66,0.0684,-0.787,67,その他色瓶,本醸造酒
15.7,4.86,4.74,1.3,1.7,-0.298,-0.84,68,茶色瓶,本醸造酒
14.9,9.31,5.02,1.23,2.01,-0.315,-0.841,65,緑色瓶,本醸造酒
15.1,-0.131,4.74,1.15,1.24,-0.334,-0.925,63,緑色瓶,本醸造酒
15.7,4.55,4.64,1.22,1.71,-0.148,-0.798,65,茶色瓶,本醸造酒
15.1,5.43,3.65,1.5,1.41,-0.102,-0.777,70,緑色瓶,本醸造酒
15.3,6.98,4.55,1.73,0.78,-0.127,-0.799,66,その他色瓶,本醸造酒
15.9,2.1,4.6,1.16,1.39,-0.299,-0.755,64,緑色瓶,本醸造酒
15.3,1.58,4.82,1.37,1.66,-0.192,-0.641,67,茶色瓶,本醸造酒
15.6,4.03,4.27,1.2,0.907,-0.232,-0.964,66,茶色瓶,本醸造酒
15.9,3.62,4.86,0.927,1.09,-0.35,-0.897,67,茶色瓶,本醸造酒
16.4,6.66,4.05,1.16,1.35,-0.341,-0.991,65,青色瓶,本醸造酒
15.1,7.82,4.74,1.19,1.73,-0.214,-0.845,67,茶色瓶,本醸造酒
15.2,4.22,3.71,1.14,1.13,-0.141,-0.758,65,茶色瓶,本醸造酒
15.1,9.81,4.72,1.17,2.01,-0.306,-0.859,69,緑色瓶,本醸造酒
14.5,3.91,5.23,1.42,1.61,-0.0615,-0.822,69,緑色瓶,本醸造酒
15.1,4.67,5.09,1.59,1.7,-0.406,-0.919,63,茶色瓶,本醸造酒
15.6,5.64,3.91,1.41,1.61,-0.43,-0.725,68,その他色瓶,本醸造酒
15.6,4.78,4.99,1.2,1.4,-0.24,-0.964,63,茶色瓶,本醸造酒
15.6,4.4,4.88,1.41,1.01,-0.232,NA,67,緑色瓶,本醸造酒
15.3,7.04,4.92,1.28,1.46,-0.365,-0.83,67,緑色瓶,本醸造酒
15.8,5.69,4.12,1.27,1.41,-0.221,-0.938,63,NA,本醸造酒
15.8,1.73,4.56,1.52,1.65,-0.485,-0.861,63,茶色瓶,本醸造酒
16.1,1.27,4.57,1.15,1.61,-0.335,-0.819,67,茶色瓶,本醸造酒
15.6,2.57,3.89,1.16,1.39,-0.2,-0.9,68,茶色瓶,本醸造酒
15.1,3.95,4.17,1.14,1.18,-0.25,-1,65,茶色瓶,本醸造酒
15.7,4.74,5.52,1.21,1.34,-0.432,-0.678,68,茶色瓶,本醸造酒
15.6,3.11,4.68,1.46,1.22,-0.264,-0.829,62,茶色瓶,本醸造酒
15.5,-2.45,3.9,1.21,1.6,0.0614,-0.817,59,茶色瓶,本醸造酒
